reg,name,freq 70000000,freq 71000000,freq 72000000,freq 73000000,freq 74000000,freq 75000000,freq 76000000,freq 77000000,freq 78000000,freq 79000000,freq 80000000,freq 81000000,freq 82000000,freq 83000000,freq 84000000,freq 85000000,freq 86000000,freq 87000000,freq 88000000,freq 89000000,freq 90000000,freq 91000000,freq 92000000,freq 93000000,freq 94000000,freq 95000000,freq 96000000,freq 97000000,freq 98000000,freq 99000000,freq 100000000,freq 101000000,freq 102000000,freq 103000000,freq 104000000,freq 105000000,freq 106000000,freq 107000000,freq 108000000,freq 109000000,freq 110000000,freq 111000000,freq 112000000,freq 113000000,freq 114000000,freq 115000000,freq 116000000,freq 117000000,freq 118000000,freq 119000000,freq 120000000,freq 121000000,freq 122000000,freq 123000000,freq 124000000,freq 125000000,freq 126000000,freq 127000000,freq 128000000,freq 129000000,freq 130000000,freq 131000000,freq 132000000,freq 133000000,freq 134000000,freq 135000000,freq 136000000,freq 137000000,freq 138000000,freq 139000000,freq 140000000,freq 141000000,freq 142000000,freq 143000000,freq 144000000,freq 145000000,freq 146000000,freq 147000000,freq 148000000,freq 149000000,freq 150000000,freq 151000000,freq 152000000,freq 153000000,freq 154000000,freq 155000000,freq 156000000,freq 157000000,freq 158000000,freq 159000000,freq 160000000,freq 161000000,freq 162000000,freq 163000000,freq 164000000,freq 165000000,freq 166000000,freq 167000000,freq 168000000,freq 169000000,freq 170000000,freq 171000000,freq 172000000,freq 173000000,freq 174000000,freq 175000000,freq 176000000,freq 177000000,freq 178000000,freq 179000000,freq 180000000,freq 181000000,freq 182000000,freq 183000000,freq 184000000,freq 185000000,freq 186000000,freq 187000000,freq 188000000,freq 189000000,freq 190000000,freq 191000000,freq 192000000,freq 193000000,freq 194000000,freq 195000000,freq 196000000,freq 197000000,freq 198000000,freq 199000000,freq 200000000,freq 201000000,freq 202000000,freq 203000000,freq 204000000,freq 205000000,freq 206000000,freq 207000000,freq 208000000,freq 209000000,freq 210000000,freq 211000000,freq 212000000,freq 213000000,freq 214000000,freq 215000000,freq 216000000,freq 217000000,freq 218000000,freq 219000000,freq 220000000,freq 221000000,freq 222000000,freq 223000000,freq 224000000,freq 225000000,freq 226000000,freq 227000000,freq 228000000,freq 229000000,freq 230000000,freq 231000000,freq 232000000,freq 233000000,freq 234000000,freq 235000000,freq 236000000,freq 237000000,freq 238000000,freq 239000000,freq 240000000,freq 241000000,freq 242000000,freq 243000000,freq 244000000,freq 245000000,freq 246000000,freq 247000000,freq 248000000,freq 249000000,freq 250000000,freq 251000000,freq 252000000,freq 253000000,freq 254000000,freq 255000000,freq 256000000,freq 257000000,freq 258000000,freq 259000000,freq 260000000,freq 261000000,freq 262000000,freq 263000000,freq 264000000,freq 265000000,freq 266000000,freq 267000000,freq 268000000,freq 269000000,freq 270000000,freq 271000000,freq 272000000,freq 273000000,freq 274000000,freq 275000000,freq 276000000,freq 277000000,freq 278000000,freq 279000000,freq 280000000,freq 281000000,freq 282000000,freq 283000000,freq 284000000,freq 285000000,freq 286000000,freq 287000000,freq 288000000,freq 289000000,freq 290000000,freq 291000000,freq 292000000,freq 293000000,freq 294000000,freq 295000000,freq 296000000,freq 297000000,freq 298000000,freq 299000000,freq 300000000,freq 301000000,freq 302000000,freq 303000000,freq 304000000,freq 305000000,freq 306000000,freq 307000000,freq 308000000,freq 309000000,freq 310000000,freq 311000000,freq 312000000,freq 313000000,freq 314000000,freq 315000000,freq 316000000,freq 317000000,freq 318000000,freq 319000000,freq 320000000,freq 321000000,freq 322000000,freq 323000000,freq 324000000,freq 325000000,freq 326000000,freq 327000000,freq 328000000,freq 329000000,freq 330000000,freq 331000000,freq 332000000,freq 333000000,freq 334000000,freq 335000000,freq 336000000,freq 337000000,freq 338000000,freq 339000000,freq 340000000,freq 341000000,freq 342000000,freq 343000000,freq 344000000,freq 345000000,freq 346000000,freq 347000000,freq 348000000,freq 349000000,freq 350000000,freq 351000000,freq 352000000,freq 353000000,freq 354000000,freq 355000000,freq 356000000,freq 357000000,freq 358000000,freq 359000000,freq 360000000,freq 361000000,freq 362000000,freq 363000000,freq 364000000,freq 365000000,freq 366000000,freq 367000000,freq 368000000,freq 369000000,freq 370000000,freq 371000000,freq 372000000,freq 373000000,freq 374000000,freq 375000000,freq 376000000,freq 377000000,freq 378000000,freq 379000000,freq 380000000,freq 381000000,freq 382000000,freq 383000000,freq 384000000,freq 385000000,freq 386000000,freq 387000000,freq 388000000,freq 389000000,freq 390000000,freq 391000000,freq 392000000,freq 393000000,freq 394000000,freq 395000000,freq 396000000,freq 397000000,freq 398000000,freq 399000000,freq 400000000,freq 401000000,freq 402000000,freq 403000000,freq 404000000,freq 405000000,freq 406000000,freq 407000000,freq 408000000,freq 409000000,freq 410000000,freq 411000000,freq 412000000,freq 413000000,freq 414000000,freq 415000000,freq 416000000,freq 417000000,freq 418000000,freq 419000000,freq 420000000,freq 421000000,freq 422000000,freq 423000000,freq 424000000,freq 425000000,freq 426000000,freq 427000000,freq 428000000,freq 429000000,freq 430000000,freq 431000000,freq 432000000,freq 433000000,freq 434000000,freq 435000000,freq 436000000,freq 437000000,freq 438000000,freq 439000000,freq 440000000,freq 441000000,freq 442000000,freq 443000000,freq 444000000,freq 445000000,freq 446000000,freq 447000000,freq 448000000,freq 449000000,freq 450000000,freq 451000000,freq 452000000,freq 453000000,freq 454000000,freq 455000000,freq 456000000,freq 457000000,freq 458000000,freq 459000000,freq 460000000,freq 461000000,freq 462000000,freq 463000000,freq 464000000,freq 465000000,freq 466000000,freq 467000000,freq 468000000,freq 469000000,freq 470000000,freq 471000000,freq 472000000,freq 473000000,freq 474000000,freq 475000000,freq 476000000,freq 477000000,freq 478000000,freq 479000000,freq 480000000,freq 481000000,freq 482000000,freq 483000000,freq 484000000,freq 485000000,freq 486000000,freq 487000000,freq 488000000,freq 489000000,freq 490000000,freq 491000000,freq 492000000,freq 493000000,freq 494000000,freq 495000000,freq 496000000,freq 497000000,freq 498000000,freq 499000000,freq 500000000,freq 501000000,freq 502000000,freq 503000000,freq 504000000,freq 505000000,freq 506000000,freq 507000000,freq 508000000,freq 509000000,freq 510000000,freq 511000000,freq 512000000,freq 513000000,freq 514000000,freq 515000000,freq 516000000,freq 517000000,freq 518000000,freq 519000000,freq 520000000,freq 521000000,freq 522000000,freq 523000000,freq 524000000,freq 525000000,freq 526000000,freq 527000000,freq 528000000,freq 529000000,freq 530000000,freq 531000000,freq 532000000,freq 533000000,freq 534000000,freq 535000000,freq 536000000,freq 537000000,freq 538000000,freq 539000000,freq 540000000,freq 541000000,freq 542000000,freq 543000000,freq 544000000,freq 545000000,freq 546000000,freq 547000000,freq 548000000,freq 549000000,freq 550000000,freq 551000000,freq 552000000,freq 553000000,freq 554000000,freq 555000000,freq 556000000,freq 557000000,freq 558000000,freq 559000000,freq 560000000,freq 561000000,freq 562000000,freq 563000000,freq 564000000,freq 565000000,freq 566000000,freq 567000000,freq 568000000,freq 569000000,freq 570000000,freq 571000000,freq 572000000,freq 573000000,freq 574000000,freq 575000000,freq 576000000,freq 577000000,freq 578000000,freq 579000000,freq 580000000,freq 581000000,freq 582000000,freq 583000000,freq 584000000,freq 585000000,freq 586000000,freq 587000000,freq 588000000,freq 589000000,freq 590000000,freq 591000000,freq 592000000,freq 593000000,freq 594000000,freq 595000000,freq 596000000,freq 597000000,freq 598000000,freq 599000000,freq 600000000,freq 601000000,freq 602000000,freq 603000000,freq 604000000,freq 605000000,freq 606000000,freq 607000000,freq 608000000,freq 609000000,freq 610000000,freq 611000000,freq 612000000,freq 613000000,freq 614000000,freq 615000000,freq 616000000,freq 617000000,freq 618000000,freq 619000000,freq 620000000,freq 621000000,freq 622000000,freq 623000000,freq 624000000,freq 625000000,freq 626000000,freq 627000000,freq 628000000,freq 629000000,freq 630000000,freq 631000000,freq 632000000,freq 633000000,freq 634000000,freq 635000000,freq 636000000,freq 637000000,freq 638000000,freq 639000000,freq 640000000,freq 641000000,freq 642000000,freq 643000000,freq 644000000,freq 645000000,freq 646000000,freq 647000000,freq 648000000,freq 649000000,freq 650000000,freq 651000000,freq 652000000,freq 653000000,freq 654000000,freq 655000000,freq 656000000,freq 657000000,freq 658000000,freq 659000000,freq 660000000,freq 661000000,freq 662000000,freq 663000000,freq 664000000,freq 665000000,freq 666000000,freq 667000000,freq 668000000,freq 669000000,freq 670000000,freq 671000000,freq 672000000,freq 673000000,freq 674000000,freq 675000000,freq 676000000,freq 677000000,freq 678000000,freq 679000000,freq 680000000,freq 681000000,freq 682000000,freq 683000000,freq 684000000,freq 685000000,freq 686000000,freq 687000000,freq 688000000,freq 689000000,freq 690000000,freq 691000000,freq 692000000,freq 693000000,freq 694000000,freq 695000000,freq 696000000,freq 697000000,freq 698000000,freq 699000000,freq 700000000,freq 701000000,freq 702000000,freq 703000000,freq 704000000,freq 705000000,freq 706000000,freq 707000000,freq 708000000,freq 709000000,freq 710000000,freq 711000000,freq 712000000,freq 713000000,freq 714000000,freq 715000000,freq 716000000,freq 717000000,freq 718000000,freq 719000000,freq 720000000,freq 721000000,freq 722000000,freq 723000000,freq 724000000,freq 725000000,freq 726000000,freq 727000000,freq 728000000,freq 729000000,freq 730000000,freq 731000000,freq 732000000,freq 733000000,freq 734000000,freq 735000000,freq 736000000,freq 737000000,freq 738000000,freq 739000000,freq 740000000,freq 741000000,freq 742000000,freq 743000000,freq 744000000,freq 745000000,freq 746000000,freq 747000000,freq 748000000,freq 749000000,freq 750000000,freq 751000000,freq 752000000,freq 753000000,freq 754000000,freq 755000000,freq 756000000,freq 757000000,freq 758000000,freq 759000000,freq 760000000,freq 761000000,freq 762000000,freq 763000000,freq 764000000,freq 765000000,freq 766000000,freq 767000000,freq 768000000,freq 769000000,freq 770000000,freq 771000000,freq 772000000,freq 773000000,freq 774000000,freq 775000000,freq 776000000,freq 777000000,freq 778000000,freq 779000000,freq 780000000,freq 781000000,freq 782000000,freq 783000000,freq 784000000,freq 785000000,freq 786000000,freq 787000000,freq 788000000,freq 789000000,freq 790000000,freq 791000000,freq 792000000,freq 793000000,freq 794000000,freq 795000000,freq 796000000,freq 797000000,freq 798000000,freq 799000000,freq 800000000,freq 801000000,freq 802000000,freq 803000000,freq 804000000,freq 805000000,freq 806000000,freq 807000000,freq 808000000,freq 809000000,freq 810000000,freq 811000000,freq 812000000,freq 813000000,freq 814000000,freq 815000000,freq 816000000,freq 817000000,freq 818000000,freq 819000000,freq 820000000,freq 821000000,freq 822000000,freq 823000000,freq 824000000,freq 825000000,freq 826000000,freq 827000000,freq 828000000,freq 829000000,freq 830000000,freq 831000000,freq 832000000,freq 833000000,freq 834000000,freq 835000000,freq 836000000,freq 837000000,freq 838000000,freq 839000000,freq 840000000,freq 841000000,freq 842000000,freq 843000000,freq 844000000,freq 845000000,freq 846000000,freq 847000000,freq 848000000,freq 849000000,freq 850000000,freq 851000000,freq 852000000,freq 853000000,freq 854000000,freq 855000000,freq 856000000,freq 857000000,freq 858000000,freq 859000000,freq 860000000,freq 861000000,freq 862000000,freq 863000000,freq 864000000,freq 865000000,freq 866000000,freq 867000000,freq 868000000,freq 869000000,freq 870000000,freq 871000000,freq 872000000,freq 873000000,freq 874000000,freq 875000000,freq 876000000,freq 877000000,freq 878000000,freq 879000000,freq 880000000,freq 881000000,freq 882000000,freq 883000000,freq 884000000,freq 885000000,freq 886000000,freq 887000000,freq 888000000,freq 889000000,freq 890000000,freq 891000000,freq 892000000,freq 893000000,freq 894000000,freq 895000000,freq 896000000,freq 897000000,freq 898000000,freq 899000000,freq 900000000,freq 901000000,freq 902000000,freq 903000000,freq 904000000,freq 905000000,freq 906000000,freq 907000000,freq 908000000,freq 909000000,freq 910000000,freq 911000000,freq 912000000,freq 913000000,freq 914000000,freq 915000000,freq 916000000,freq 917000000,freq 918000000,freq 919000000,freq 920000000,freq 921000000,freq 922000000,freq 923000000,freq 924000000,freq 925000000,freq 926000000,freq 927000000,freq 928000000,freq 929000000,freq 930000000,freq 931000000,freq 932000000,freq 933000000,freq 934000000,freq 935000000,freq 936000000,freq 937000000,freq 938000000,freq 939000000,freq 940000000,freq 941000000,freq 942000000,freq 943000000,freq 944000000,freq 945000000,freq 946000000,freq 947000000,freq 948000000,freq 949000000,freq 950000000,freq 951000000,freq 952000000,freq 953000000,freq 954000000,freq 955000000,freq 956000000,freq 957000000,freq 958000000,freq 959000000,freq 960000000,freq 961000000,freq 962000000,freq 963000000,freq 964000000,freq 965000000,freq 966000000,freq 967000000,freq 968000000,freq 969000000,freq 970000000,freq 971000000,freq 972000000,freq 973000000,freq 974000000,freq 975000000,freq 976000000,freq 977000000,freq 978000000,freq 979000000,freq 980000000,freq 981000000,freq 982000000,freq 983000000,freq 984000000,freq 985000000,freq 986000000,freq 987000000,freq 988000000,freq 989000000,freq 990000000,freq 991000000,freq 992000000,freq 993000000,freq 994000000,freq 995000000,freq 996000000,freq 997000000,freq 998000000,freq 999000000,freq 1000000000
0x73,Tx 1 Atten,40,40,40,40,40,40,40,40,40,40,40,40,40,40,40,40,40,40,40,40,40,40,40,40,40,40,40,40,40,40,40,40,40,40,40,40,40,40,40,40,40,40,40,40,40,40,40,40,40,40,40,40,40,40,40,40,40,40,40,40,40,40,40,40,40,40,40,40,40,40,40,40,40,40,40,40,40,40,40,40,40,40,40,40,40,40,40,40,40,40,40,40,40,40,40,40,40,40,40,40,40,40,40,40,40,40,40,40,40,40,40,40,40,40,40,40,40,40,40,40,40,40,40,40,40,40,40,40,40,40,40,40,40,40,40,40,40,40,40,40,40,40,40,40,40,40,40,40,40,40,40,40,40,40,40,40,40,40,40,40,40,40,40,40,40,40,40,40,40,40,40,40,40,40,40,40,40,40,40,40,40,40,40,40,40,40,40,40,40,40,40,40,40,40,40,40,40,40,40,40,40,40,40,40,40,40,40,40,40,40,40,40,40,40,40,40,40,40,40,40,40,40,40,40,40,40,40,40,40,40,40,40,40,40,40,40,40,40,40,40,40,40,40,40,40,40,40,40,40,40,40,40,40,40,40,40,40,40,40,40,40,40,40,40,40,40,40,40,40,40,40,40,40,40,40,40,40,40,40,40,40,40,40,40,40,40,40,40,40,40,40,40,40,40,40,40,40,40,40,40,40,40,40,40,40,40,40,40,40,40,40,40,40,40,40,40,40,40,40,40,40,40,40,40,40,40,40,40,40,40,40,40,40,40,40,40,40,40,40,40,40,40,40,40,40,40,40,40,40,40,40,40,40,40,40,40,40,40,40,40,40,40,40,40,40,40,40,40,40,40,40,40,40,40,40,40,40,40,40,40,40,40,40,40,40,40,40,40,40,40,40,40,40,40,40,40,40,40,40,40,40,40,40,40,40,40,40,40,40,40,40,40,40,40,40,40,40,40,40,40,40,40,40,40,40,40,40,40,40,40,40,40,40,40,40,40,40,40,40,40,40,40,40,40,40,40,40,40,40,40,40,40,40,40,40,40,40,40,40,40,40,40,40,40,40,40,40,40,40,40,40,40,40,40,40,40,40,40,40,40,40,40,40,40,40,40,40,40,40,40,40,40,40,40,40,40,40,40,40,40,40,40,40,40,40,40,40,40,40,40,40,40,40,40,40,40,40,40,40,40,40,40,40,40,40,40,40,40,40,40,40,40,40,40,40,40,40,40,40,40,40,40,40,40,40,40,40,40,40,40,40,40,40,40,40,40,40,40,40,40,40,40,40,40,40,40,40,40,40,40,40,40,40,40,40,40,40,40,40,40,40,40,40,40,40,40,40,40,40,40,40,40,40,40,40,40,40,40,40,40,40,40,40,40,40,40,40,40,40,40,40,40,40,40,40,40,40,40,40,40,40,40,40,40,40,40,40,40,40,40,40,40,40,40,40,40,40,40,40,40,40,40,40,40,40,40,40,40,40,40,40,40,40,40,40,40,40,40,40,40,40,40,40,40,40,40,40,40,40,40,40,40,40,40,40,40,40,40,40,40,40,40,40,40,40,40,40,40,40,40,40,40,40,40,40,40,40,40,40,40,40,40,40,40,40,40,40,40,40,40,40,40,40,40,40,40,40,40,40,40,40,40,40,40,40,40,40,40,40,40,40,40,40,40,40,40,40,40,40,40,40,40,40,40,40,40,40,40,40,40,40,40,40,40,40,40,40,40,40,40,40,40,40,40,40,40,40,40,40,40,40,40,40,40,40,40,40,40,40,40,40,40,40,40,40,40,40,40,40,40,40,40,40,40,40,40,40,40,40,40,40,40,40,40,40,40,40,40,40,40,40,40,40,40,40,40,40,40,40,40,40,40,40,40,40,40,40,40,40,40,40,40,40,40,40,40,40,40,40,40,40,40,40,40,40,40,40,40,40,40,40,40,40,40,40,40,40,40,40,40,40,40,40,40,40,40,40,40,40,40,40,40,40,40,40,40,40,40,40,40,40,40,40,40,40,40,40,40,40,40,40,40,40,40,40,40,40,40,40,40,40,40,40,40,40,40,40,40,40,40,40,40,40,40,40,40,40,40,40,40,40,40,40,40,40,40,40,40,40,40,40
0x79,sel Tx1_Tx2,1,1,1,1,1,1,1,1,1,1,1,1,1,1,1,1,1,1,1,1,1,1,1,1,1,1,1,1,1,1,1,1,1,1,1,1,1,1,1,1,1,1,1,1,1,1,1,1,1,1,1,1,1,1,1,1,1,1,1,1,1,1,1,1,1,1,1,1,1,1,1,1,1,1,1,1,1,1,1,1,1,1,1,1,1,1,1,1,1,1,1,1,1,1,1,1,1,1,1,1,1,1,1,1,1,1,1,1,1,1,1,1,1,1,1,1,1,1,1,1,1,1,1,1,1,1,1,1,1,1,1,1,1,1,1,1,1,1,1,1,1,1,1,1,1,1,1,1,1,1,1,1,1,1,1,1,1,1,1,1,1,1,1,1,1,1,1,1,1,1,1,1,1,1,1,1,1,1,1,1,1,1,1,1,1,1,1,1,1,1,1,1,1,1,1,1,1,1,1,1,1,1,1,1,1,1,1,1,1,1,1,1,1,1,1,1,1,1,1,1,1,1,1,1,1,1,1,1,1,1,1,1,1,1,1,1,1,1,1,1,1,1,1,1,1,1,1,1,1,1,1,1,1,1,1,1,1,1,1,1,1,1,1,1,1,1,1,1,1,1,1,1,1,1,1,1,1,1,1,1,1,1,1,1,1,1,1,1,1,1,1,1,1,1,1,1,1,1,1,1,1,1,1,1,1,1,1,1,1,1,1,1,1,1,1,1,1,1,1,1,1,1,1,1,1,1,1,1,1,1,1,1,1,1,1,1,1,1,1,1,1,1,1,1,1,1,1,1,1,1,1,1,1,1,1,1,1,1,1,1,1,1,1,1,1,1,1,1,1,1,1,1,1,1,1,1,1,1,1,1,1,1,1,1,1,1,1,1,1,1,1,1,1,1,1,1,1,1,1,1,1,1,1,1,1,1,1,1,1,1,1,1,1,1,1,1,1,1,1,1,1,1,1,1,1,1,1,1,1,1,1,1,1,1,1,1,1,1,1,1,1,1,1,1,1,1,1,1,1,1,1,1,1,1,1,1,1,1,1,1,1,1,1,1,1,1,1,1,1,1,1,1,1,1,1,1,1,1,1,1,1,1,1,1,1,1,1,1,1,1,1,1,1,1,1,1,1,1,1,1,1,1,1,1,1,1,1,1,1,1,1,1,1,1,1,1,1,1,1,1,1,1,1,1,1,1,1,1,1,1,1,1,1,1,1,1,1,1,1,1,1,1,1,1,1,1,1,1,1,1,1,1,1,1,1,1,1,1,1,1,1,1,1,1,1,1,1,1,1,1,1,1,1,1,1,1,1,1,1,1,1,1,1,1,1,1,1,1,1,1,1,1,1,1,1,1,1,1,1,1,1,1,1,1,1,1,1,1,1,1,1,1,1,1,1,1,1,1,1,1,1,1,1,1,1,1,1,1,1,1,1,1,1,1,1,1,1,1,1,1,1,1,1,1,1,1,1,1,1,1,1,1,1,1,1,1,1,1,1,1,1,1,1,1,1,1,1,1,1,1,1,1,1,1,1,1,1,1,1,1,1,1,1,1,1,1,1,1,1,1,1,1,1,1,1,1,1,1,1,1,1,1,1,1,1,1,1,1,1,1,1,1,1,1,1,1,1,1,1,1,1,1,1,1,1,1,1,1,1,1,1,1,1,1,1,1,1,1,1,1,1,1,1,1,1,1,1,1,1,1,1,1,1,1,1,1,1,1,1,1,1,1,1,1,1,1,1,1,1,1,1,1,1,1,1,1,1,1,1,1,1,1,1,1,1,1,1,1,1,1,1,1,1,1,1,1,1,1,1,1,1,1,1,1,1,1,1,1,1,1,1,1,1,1,1,1,1,1,1,1,1,1,1,1,1,1,1,1,1,1,1,1,1,1,1,1,1,1,1,1,1,1,1,1,1,1,1,1,1,1,1,1,1,1,1,1,1,1,1,1,1,1,1,1,1,1,1,1,1,1,1,1,1,1,1,1,1,1,1,1,1,1,1,1,1,1,1,1,1,1,1,1,1,1,1,1,1,1,1,1,1,1,1,1,1,1,1,1,1,1,1,1,1,1,1,1,1,1,1,1,1,1,1,1,1,1,1,1,1,1,1
0x8E,Tx1 Output 1 Phase Correction,255,255,255,255,255,255,255,255,255,255,255,255,255,255,255,255,255,255,255,255,255,255,255,255,255,255,255,255,255,255,255,255,255,255,255,255,255,255,255,255,255,255,255,255,255,255,255,255,255,255,255,255,255,255,255,255,255,255,255,255,255,255,255,255,255,255,255,255,255,255,255,255,255,255,255,255,255,255,255,255,255,255,255,255,255,255,255,255,255,255,255,255,255,255,255,255,255,255,255,255,255,254,254,254,254,254,254,254,254,254,254,254,254,254,254,254,254,254,254,254,254,254,254,254,254,254,254,254,254,254,254,254,254,254,254,254,254,254,254,254,254,254,254,254,254,254,254,254,254,254,254,254,254,254,254,254,254,254,254,254,254,254,254,254,254,254,254,254,254,254,254,254,254,254,254,254,254,254,254,254,254,254,254,254,254,254,254,254,254,254,254,254,254,254,254,254,254,254,254,254,254,254,251,251,251,251,251,251,251,251,251,251,251,251,251,251,251,251,251,251,251,251,251,251,251,251,251,251,251,251,251,251,251,251,251,251,251,251,251,251,251,251,251,251,251,251,251,251,251,251,251,251,251,251,251,251,251,251,251,251,251,251,251,251,251,251,251,251,251,251,251,251,251,251,251,251,251,251,251,251,251,251,251,251,251,251,251,251,251,251,251,251,251,251,251,251,251,251,251,251,251,251,251,252,252,252,252,252,252,252,252,252,252,252,252,252,252,252,252,252,252,252,252,252,252,252,252,252,252,252,252,252,252,252,252,252,252,252,252,252,252,252,252,252,252,252,252,252,252,252,252,252,252,252,252,252,252,252,252,252,252,252,252,252,252,252,252,252,252,252,252,252,252,252,252,252,252,252,252,252,252,252,252,252,252,252,252,252,252,252,252,252,252,252,252,252,252,252,252,252,252,252,252,252,0,0,0,0,0,0,0,0,0,0,0,0,0,0,0,0,0,0,0,0,0,0,0,0,0,0,0,0,0,0,0,0,0,0,0,0,0,0,0,0,0,0,0,0,0,0,0,0,0,0,0,0,0,0,0,0,0,0,0,0,0,0,0,0,0,0,0,0,0,0,0,0,0,0,0,0,0,0,0,0,0,0,0,0,0,0,0,0,0,0,0,0,0,0,0,0,0,0,0,0,0,0,0,0,0,0,0,0,0,0,0,0,0,0,0,0,0,0,0,0,0,0,0,0,0,0,0,0,0,0,0,0,0,0,0,0,0,0,0,0,0,0,0,0,0,0,0,0,0,0,0,0,0,0,0,0,0,0,0,0,0,0,0,0,0,0,0,0,0,0,0,0,0,0,0,0,0,0,0,0,0,0,0,0,0,0,0,0,0,0,0,0,0,0,0,0,0,0,0,0,0,0,0,0,0,0,0,0,0,0,0,0,0,0,0,0,0,0,0,0,0,0,0,0,0,0,0,0,0,0,0,0,0,0,0,0,0,0,0,0,0,0,0,0,0,0,0,0,0,0,0,0,0,0,0,0,0,0,0,0,0,0,0,0,0,0,0,0,0,0,0,0,0,0,0,0,0,0,0,0,0,0,0,0,0,0,0,0,0,0,0,0,0,0,0,0,0,0,0,0,0,0,0,2,2,2,2,2,2,2,2,2,2,2,2,2,2,2,2,2,2,2,2,2,2,2,2,2,2,2,2,2,2,2,2,2,2,2,2,2,2,2,2,2,2,2,2,2,2,2,2,2,2,2,2,2,2,2,2,2,2,2,2,2,2,2,2,2,2,2,2,2,2,2,2,2,2,2,2,2,2,2,2,2,2,2,2,2,2,2,2,2,2,2,2,2,2,2,2,2,2,2,2,2,254,254,254,254,254,254,254,254,254,254,254,254,254,254,254,254,254,254,254,254,254,254,254,254,254,254,254,254,254,254,254,254,254,254,254,254,254,254,254,254,254,254,254,254,254,254,254,254,254,254,254,254,254,254,254,254,254,254,254,254,254,254,254,254,254,254,254,254,254,254,254,254,254,254,254,254,254,254,254,254,254,254,254,254,254,254,254,254,254,254,254,254,254,254,254,254,254,254,254,254,254,252,252,252,252,252,252,252,252,252,252,252,252,252,252,252,252,252,252,252,252,252,252
0x8F,Tx1 Output 1 Gain Correction,238,238,238,238,238,238,238,238,238,238,238,238,238,238,238,238,238,238,238,238,238,238,238,238,238,238,238,238,238,238,238,238,238,238,238,238,238,238,238,238,238,238,238,238,238,238,238,238,238,238,238,238,238,238,238,238,238,238,238,238,238,238,238,238,238,238,238,238,238,238,238,238,238,238,238,238,238,238,238,238,238,238,238,238,238,238,238,238,238,238,238,238,238,238,238,238,238,238,238,238,238,237,237,237,237,237,237,237,237,237,237,237,237,237,237,237,237,237,237,237,237,237,237,237,237,237,237,237,237,237,237,237,237,237,237,237,237,237,237,237,237,237,237,237,237,237,237,237,237,237,237,237,237,237,237,237,237,237,237,237,237,237,237,237,237,237,237,237,237,237,237,237,237,237,237,237,237,237,237,237,237,237,237,237,237,237,237,237,237,237,237,237,237,237,237,237,237,237,237,237,237,237,237,237,237,237,237,237,237,237,237,237,237,237,237,237,237,237,237,237,237,237,237,237,237,237,237,237,237,237,237,237,237,237,237,237,237,237,237,237,237,237,237,237,237,237,237,237,237,237,237,237,237,237,237,237,237,237,237,237,237,237,237,237,237,237,237,237,237,237,237,237,237,237,237,237,237,237,237,237,237,237,237,237,237,237,237,237,237,237,237,237,237,237,237,237,237,237,237,237,237,237,237,235,235,235,235,235,235,235,235,235,235,235,235,235,235,235,235,235,235,235,235,235,235,235,235,235,235,235,235,235,235,235,235,235,235,235,235,235,235,235,235,235,235,235,235,235,235,235,235,235,235,235,235,235,235,235,235,235,235,235,235,235,235,235,235,235,235,235,235,235,235,235,235,235,235,235,235,235,235,235,235,235,235,235,235,235,235,235,235,235,235,235,235,235,235,235,235,235,235,235,235,235,237,237,237,237,237,237,237,237,237,237,237,237,237,237,237,237,237,237,237,237,237,237,237,237,237,237,237,237,237,237,237,237,237,237,237,237,237,237,237,237,237,237,237,237,237,237,237,237,237,237,237,237,237,237,237,237,237,237,237,237,237,237,237,237,237,237,237,237,237,237,237,237,237,237,237,237,237,237,237,237,237,237,237,237,237,237,237,237,237,237,237,237,237,237,237,237,237,237,237,237,237,237,237,237,237,237,237,237,237,237,237,237,237,237,237,237,237,237,237,237,237,237,237,237,237,237,237,237,237,237,237,237,237,237,237,237,237,237,237,237,237,237,237,237,237,237,237,237,237,237,237,237,237,237,237,237,237,237,237,237,237,237,237,237,237,237,237,237,237,237,237,237,237,237,237,237,237,237,237,237,237,237,237,237,237,237,237,237,237,237,237,237,237,237,237,237,237,237,237,237,237,237,239,239,239,239,239,239,239,239,239,239,239,239,239,239,239,239,239,239,239,239,239,239,239,239,239,239,239,239,239,239,239,239,239,239,239,239,239,239,239,239,239,239,239,239,239,239,239,239,239,239,239,239,239,239,239,239,239,239,239,239,239,239,239,239,239,239,239,239,239,239,239,239,239,239,239,239,239,239,239,239,239,239,239,239,239,239,239,239,239,239,239,239,239,239,239,239,239,239,239,239,239,238,238,238,238,238,238,238,238,238,238,238,238,238,238,238,238,238,238,238,238,238,238,238,238,238,238,238,238,238,238,238,238,238,238,238,238,238,238,238,238,238,238,238,238,238,238,238,238,238,238,238,238,238,238,238,238,238,238,238,238,238,238,238,238,238,238,238,238,238,238,238,238,238,238,238,238,238,238,238,238,238,238,238,238,238,238,238,238,238,238,238,238,238,238,238,238,238,238,238,238,238,238,238,238,238,238,238,238,238,238,238,238,238,238,238,238,238,238,238,238,238,238,238,238,238,238,238,238,238,238,238,238,238,238,238,238,238,238,238,238,238,238,238,238,238,238,238,238,238,238,238,238,238,238,238,238,238,238,238,238,238,238,238,238,238,238,238,238,238,238,238,238,238,238,238,238,238,238,238,238,238,238,238,238,238,238,238,238,238,238,238,238,238,238,238,238,238,238,238,238,238,238,239,239,239,239,239,239,239,239,239,239,239,239,239,239,239,239,239,239,239,239,239,239
0x92,Tx1 Output 1 Offset I,3,3,3,3,3,3,3,3,3,3,3,3,3,3,3,3,3,3,3,3,3,3,3,3,3,3,3,3,3,3,3,3,3,3,3,3,3,3,3,3,3,3,3,3,3,3,3,3,3,3,3,3,3,3,3,3,3,3,3,3,3,3,3,3,3,3,3,3,3,3,3,3,3,3,3,3,3,3,3,3,3,3,3,3,3,3,3,3,3,3,3,3,3,3,3,3,3,3,3,3,3,3,3,3,3,3,3,3,3,3,3,3,3,3,3,3,3,3,3,3,3,3,3,3,3,3,3,3,3,3,3,3,3,3,3,3,3,3,3,3,3,3,3,3,3,3,3,3,3,3,3,3,3,3,3,3,3,3,3,3,3,3,3,3,3,3,3,3,3,3,3,3,3,3,3,3,3,3,3,3,3,3,3,3,3,3,3,3,3,3,3,3,3,3,3,3,3,3,3,3,3,3,3,3,3,3,3,3,3,3,3,3,3,3,3,3,3,3,3,3,3,3,3,3,3,3,3,3,3,3,3,3,3,3,3,3,3,3,3,3,3,3,3,3,3,3,3,3,3,3,3,3,3,3,3,3,3,3,3,3,3,3,3,3,3,3,3,3,3,3,3,3,3,3,3,3,3,3,3,3,3,3,3,3,3,3,3,3,3,3,3,3,3,3,3,3,3,3,3,3,3,3,3,3,3,3,3,3,3,3,3,3,3,3,3,3,3,3,3,3,3,3,3,3,3,3,3,3,3,3,3,3,3,3,3,3,3,3,3,3,3,3,3,3,3,3,3,3,3,3,3,3,3,3,3,3,3,3,3,3,3,3,3,3,3,3,3,3,3,3,3,3,3,3,3,3,3,3,3,3,3,3,3,3,3,3,3,3,3,3,3,3,3,3,3,3,3,3,3,3,3,3,3,3,3,3,3,3,3,3,3,3,3,3,3,3,3,3,3,3,3,3,3,3,3,3,3,3,3,3,3,3,3,3,3,3,3,3,3,3,3,3,3,3,3,3,3,3,3,3,3,3,3,3,3,3,3,3,3,3,3,3,3,3,3,3,3,3,3,3,3,3,3,3,3,3,3,3,3,3,3,3,3,3,3,3,3,3,3,3,3,3,3,3,3,3,3,3,3,3,3,3,3,3,3,3,3,3,3,3,3,3,3,3,3,3,3,3,3,3,3,3,3,3,3,3,3,3,3,3,3,3,3,3,3,3,3,3,3,3,3,3,3,3,3,3,3,3,3,3,3,3,3,3,3,3,3,3,3,3,3,3,3,3,3,3,3,3,3,3,3,3,3,3,3,3,3,3,3,3,3,3,3,3,3,3,3,3,3,3,3,3,3,3,3,3,3,3,3,3,3,3,3,3,3,3,3,3,3,3,3,3,3,3,3,3,3,3,3,3,3,3,3,3,3,3,3,3,3,3,3,3,3,3,3,3,3,3,3,3,3,3,3,3,3,3,3,3,3,3,3,3,3,3,3,3,3,3,3,3,3,3,3,3,3,3,3,3,3,3,3,3,3,3,3,3,3,3,3,3,3,3,3,3,3,3,3,3,3,3,3,3,3,3,3,3,3,3,3,3,3,3,3,3,3,3,3,3,3,3,3,3,3,3,3,3,3,3,3,3,3,3,3,3,3,3,3,3,3,3,3,3,3,3,3,3,3,3,3,3,3,3,3,3,3,3,3,3,3,3,3,3,3,3,3,3,3,3,3,3,3,3,3,3,3,3,3,3,3,3,3,3,3,3,3,3,3,3,3,3,3,3,3,3,3,3,3,3,3,3,3,3,3,3,3,3,3,3,3,3,3,3,3,3,3,3,3,3,3,3,3,3,3,3,3,3,3,3,3,3,3,3,3,3,3,3,3,3,3,3,3,3,3,3,3,3,3,3,3,3,3,3,3,3,3,3,3,3,3,3,3,3,3,3,3,3,3,3,3,3,3,3,3,3,3,3,3,3,3,3,3,3,3,3,3,3,3,3,3,3,3,3,3,3,3,3,3,3,3,3,3,3,3,3,3,3,3,3,3,3,3,3,3,3,3,3,3,3,3,4,4,4,4,4,4,4,4,4,4,4,4,4,4,4,4,4,4,4,4,4,4
0x93,Tx1 Out 1 Offset Q,24,24,24,24,24,24,24,24,24,24,24,24,24,24,24,24,24,24,24,24,24,24,24,24,24,24,24,24,24,24,24,24,24,24,24,24,24,24,24,24,24,24,24,24,24,24,24,24,24,24,24,24,24,24,24,24,24,24,24,24,24,24,24,24,24,24,24,24,24,24,24,24,24,24,24,24,24,24,24,24,24,24,24,24,24,24,24,24,24,24,24,24,24,24,24,24,24,24,24,24,24,25,25,25,25,25,25,25,25,25,25,25,25,25,25,25,25,25,25,25,25,25,25,25,25,25,25,25,25,25,25,25,25,25,25,25,25,25,25,25,25,25,25,25,25,25,25,25,25,25,25,25,25,25,25,25,25,25,25,25,25,25,25,25,25,25,25,25,25,25,25,25,25,25,25,25,25,25,25,25,25,25,25,25,25,25,25,25,25,25,25,25,25,25,25,25,25,25,25,25,25,25,24,24,24,24,24,24,24,24,24,24,24,24,24,24,24,24,24,24,24,24,24,24,24,24,24,24,24,24,24,24,24,24,24,24,24,24,24,24,24,24,24,24,24,24,24,24,24,24,24,24,24,24,24,24,24,24,24,24,24,24,24,24,24,24,24,24,24,24,24,24,24,24,24,24,24,24,24,24,24,24,24,24,24,24,24,24,24,24,24,24,24,24,24,24,24,24,24,24,24,24,24,24,24,24,24,24,24,24,24,24,24,24,24,24,24,24,24,24,24,24,24,24,24,24,24,24,24,24,24,24,24,24,24,24,24,24,24,24,24,24,24,24,24,24,24,24,24,24,24,24,24,24,24,24,24,24,24,24,24,24,24,24,24,24,24,24,24,24,24,24,24,24,24,24,24,24,24,24,24,24,24,24,24,24,24,24,24,24,24,24,24,24,24,24,24,24,24,24,24,24,24,24,25,25,25,25,25,25,25,25,25,25,25,25,25,25,25,25,25,25,25,25,25,25,25,25,25,25,25,25,25,25,25,25,25,25,25,25,25,25,25,25,25,25,25,25,25,25,25,25,25,25,25,25,25,25,25,25,25,25,25,25,25,25,25,25,25,25,25,25,25,25,25,25,25,25,25,25,25,25,25,25,25,25,25,25,25,25,25,25,25,25,25,25,25,25,25,25,25,25,25,25,25,24,24,24,24,24,24,24,24,24,24,24,24,24,24,24,24,24,24,24,24,24,24,24,24,24,24,24,24,24,24,24,24,24,24,24,24,24,24,24,24,24,24,24,24,24,24,24,24,24,24,24,24,24,24,24,24,24,24,24,24,24,24,24,24,24,24,24,24,24,24,24,24,24,24,24,24,24,24,24,24,24,24,24,24,24,24,24,24,24,24,24,24,24,24,24,24,24,24,24,24,24,24,24,24,24,24,24,24,24,24,24,24,24,24,24,24,24,24,24,24,24,24,24,24,24,24,24,24,24,24,24,24,24,24,24,24,24,24,24,24,24,24,24,24,24,24,24,24,24,24,24,24,24,24,24,24,24,24,24,24,24,24,24,24,24,24,24,24,24,24,24,24,24,24,24,24,24,24,24,24,24,24,24,24,24,24,24,24,24,24,24,24,24,24,24,24,24,24,24,24,24,24,24,24,24,24,24,24,24,24,24,24,24,24,24,24,24,24,24,24,24,24,24,24,24,24,24,24,24,24,24,24,24,24,24,24,24,24,24,24,24,24,24,24,24,24,24,24,24,24,24,24,24,24,24,24,24,24,24,24,24,24,24,24,24,24,24,24,24,24,24,24,24,24,24,24,24,24,24,24,24,24,24,24,24,24,24,24,24,24,24,24,24,24,24,24,24,24,24,24,24,24,24,24,24,24,24,24,24,24,24,24,24,24,24,24,24,24,24,24,24,24,24,24,24,24,24,24,24,24,24,24,24,24,24,24,24,24,24,24,24,24,24,24,24,24,24,24,24,24,24,24,24,24,24,24,24,24,24,24,24,24,24,24,24,24,24,24,24,24,24,24,24,24,24,24,24,24,24,24,24,24,24,24,24,24,24,24,24,24,24,24,24,24,24,24,24,24,24,24,24,24,24,24,24,24,24,24,24,24,24,24,24,24,24,24,24,24,24,24,24,24,24,24,24,24
0xC7,Tx BBF C1,44,44,44,44,44,44,44,44,44,44,44,44,44,44,44,44,44,44,44,44,44,44,44,44,44,44,44,44,44,44,44,44,44,44,44,44,44,44,44,44,44,44,44,44,44,44,44,44,44,44,44,44,44,44,44,44,44,44,44,44,44,44,44,44,44,44,44,44,44,44,44,44,44,44,44,44,44,44,44,44,44,44,44,44,44,44,44,44,44,44,44,44,44,44,44,44,44,44,44,44,44,45,45,45,45,45,45,45,45,45,45,45,45,45,45,45,45,45,45,45,45,45,45,45,45,45,45,45,45,45,45,45,45,45,45,45,45,45,45,45,45,45,45,45,45,45,45,45,45,45,45,45,45,45,45,45,45,45,45,45,45,45,45,45,45,45,45,45,45,45,45,45,45,45,45,45,45,45,45,45,45,45,45,45,45,45,45,45,45,45,45,45,45,45,45,45,45,45,45,45,45,45,45,45,45,45,45,45,45,45,45,45,45,45,45,45,45,45,45,45,45,45,45,45,45,45,45,45,45,45,45,45,45,45,45,45,45,45,45,45,45,45,45,45,45,45,45,45,45,45,45,45,45,45,45,45,45,45,45,45,45,45,45,45,45,45,45,45,45,45,45,45,45,45,45,45,45,45,45,45,45,45,45,45,45,45,45,45,45,45,45,45,45,45,45,45,45,45,45,45,45,45,45,44,44,44,44,44,44,44,44,44,44,44,44,44,44,44,44,44,44,44,44,44,44,44,44,44,44,44,44,44,44,44,44,44,44,44,44,44,44,44,44,44,44,44,44,44,44,44,44,44,44,44,44,44,44,44,44,44,44,44,44,44,44,44,44,44,44,44,44,44,44,44,44,44,44,44,44,44,44,44,44,44,44,44,44,44,44,44,44,44,44,44,44,44,44,44,44,44,44,44,44,44,44,44,44,44,44,44,44,44,44,44,44,44,44,44,44,44,44,44,44,44,44,44,44,44,44,44,44,44,44,44,44,44,44,44,44,44,44,44,44,44,44,44,44,44,44,44,44,44,44,44,44,44,44,44,44,44,44,44,44,44,44,44,44,44,44,44,44,44,44,44,44,44,44,44,44,44,44,44,44,44,44,44,44,44,44,44,44,44,44,44,44,44,44,44,44,44,44,44,44,44,44,44,44,44,44,44,44,44,44,44,44,44,44,44,44,44,44,44,44,44,44,44,44,44,44,44,44,44,44,44,44,44,44,44,44,44,44,44,44,44,44,44,44,44,44,44,44,44,44,44,44,44,44,44,44,44,44,44,44,44,44,44,44,44,44,44,44,44,44,44,44,44,44,44,44,44,44,44,44,44,44,44,44,44,44,44,44,44,44,44,44,44,44,44,44,44,44,44,44,44,44,44,45,45,45,45,45,45,45,45,45,45,45,45,45,45,45,45,45,45,45,45,45,45,45,45,45,45,45,45,45,45,45,45,45,45,45,45,45,45,45,45,45,45,45,45,45,45,45,45,45,45,45,45,45,45,45,45,45,45,45,45,45,45,45,45,45,45,45,45,45,45,45,45,45,45,45,45,45,45,45,45,45,45,45,45,45,45,45,45,45,45,45,45,45,45,45,45,45,45,45,45,45,44,44,44,44,44,44,44,44,44,44,44,44,44,44,44,44,44,44,44,44,44,44,44,44,44,44,44,44,44,44,44,44,44,44,44,44,44,44,44,44,44,44,44,44,44,44,44,44,44,44,44,44,44,44,44,44,44,44,44,44,44,44,44,44,44,44,44,44,44,44,44,44,44,44,44,44,44,44,44,44,44,44,44,44,44,44,44,44,44,44,44,44,44,44,44,44,44,44,44,44,44,44,44,44,44,44,44,44,44,44,44,44,44,44,44,44,44,44,44,44,44,44,44,44,44,44,44,44,44,44,44,44,44,44,44,44,44,44,44,44,44,44,44,44,44,44,44,44,44,44,44,44,44,44,44,44,44,44,44,44,44,44,44,44,44,44,44,44,44,44,44,44,44,44,44,44,44,44,44,44,44,44,44,44,44,44,44,44,44,44,44,44,44,44,44,44,44,44,44,44,44,44,45,45,45,45,45,45,45,45,45,45,45,45,45,45,45,45,45,45,45,45,45,45
0xC8,Tx BBF C2,44,44,44,44,44,44,44,44,44,44,44,44,44,44,44,44,44,44,44,44,44,44,44,44,44,44,44,44,44,44,44,44,44,44,44,44,44,44,44,44,44,44,44,44,44,44,44,44,44,44,44,44,44,44,44,44,44,44,44,44,44,44,44,44,44,44,44,44,44,44,44,44,44,44,44,44,44,44,44,44,44,44,44,44,44,44,44,44,44,44,44,44,44,44,44,44,44,44,44,44,44,45,45,45,45,45,45,45,45,45,45,45,45,45,45,45,45,45,45,45,45,45,45,45,45,45,45,45,45,45,45,45,45,45,45,45,45,45,45,45,45,45,45,45,45,45,45,45,45,45,45,45,45,45,45,45,45,45,45,45,45,45,45,45,45,45,45,45,45,45,45,45,45,45,45,45,45,45,45,45,45,45,45,45,45,45,45,45,45,45,45,45,45,45,45,45,45,45,45,45,45,45,45,45,45,45,45,45,45,45,45,45,45,45,45,45,45,45,45,45,45,45,45,45,45,45,45,45,45,45,45,45,45,45,45,45,45,45,45,45,45,45,45,45,45,45,45,45,45,45,45,45,45,45,45,45,45,45,45,45,45,45,45,45,45,45,45,45,45,45,45,45,45,45,45,45,45,45,45,45,45,45,45,45,45,45,45,45,45,45,45,45,45,45,45,45,45,45,45,45,45,45,45,44,44,44,44,44,44,44,44,44,44,44,44,44,44,44,44,44,44,44,44,44,44,44,44,44,44,44,44,44,44,44,44,44,44,44,44,44,44,44,44,44,44,44,44,44,44,44,44,44,44,44,44,44,44,44,44,44,44,44,44,44,44,44,44,44,44,44,44,44,44,44,44,44,44,44,44,44,44,44,44,44,44,44,44,44,44,44,44,44,44,44,44,44,44,44,44,44,44,44,44,44,44,44,44,44,44,44,44,44,44,44,44,44,44,44,44,44,44,44,44,44,44,44,44,44,44,44,44,44,44,44,44,44,44,44,44,44,44,44,44,44,44,44,44,44,44,44,44,44,44,44,44,44,44,44,44,44,44,44,44,44,44,44,44,44,44,44,44,44,44,44,44,44,44,44,44,44,44,44,44,44,44,44,44,44,44,44,44,44,44,44,44,44,44,44,44,44,44,44,44,44,44,44,44,44,44,44,44,44,44,44,44,44,44,44,44,44,44,44,44,44,44,44,44,44,44,44,44,44,44,44,44,44,44,44,44,44,44,44,44,44,44,44,44,44,44,44,44,44,44,44,44,44,44,44,44,44,44,44,44,44,44,44,44,44,44,44,44,44,44,44,44,44,44,44,44,44,44,44,44,44,44,44,44,44,44,44,44,44,44,44,44,44,44,44,44,44,44,44,44,44,44,44,45,45,45,45,45,45,45,45,45,45,45,45,45,45,45,45,45,45,45,45,45,45,45,45,45,45,45,45,45,45,45,45,45,45,45,45,45,45,45,45,45,45,45,45,45,45,45,45,45,45,45,45,45,45,45,45,45,45,45,45,45,45,45,45,45,45,45,45,45,45,45,45,45,45,45,45,45,45,45,45,45,45,45,45,45,45,45,45,45,45,45,45,45,45,45,45,45,45,45,45,45,44,44,44,44,44,44,44,44,44,44,44,44,44,44,44,44,44,44,44,44,44,44,44,44,44,44,44,44,44,44,44,44,44,44,44,44,44,44,44,44,44,44,44,44,44,44,44,44,44,44,44,44,44,44,44,44,44,44,44,44,44,44,44,44,44,44,44,44,44,44,44,44,44,44,44,44,44,44,44,44,44,44,44,44,44,44,44,44,44,44,44,44,44,44,44,44,44,44,44,44,44,44,44,44,44,44,44,44,44,44,44,44,44,44,44,44,44,44,44,44,44,44,44,44,44,44,44,44,44,44,44,44,44,44,44,44,44,44,44,44,44,44,44,44,44,44,44,44,44,44,44,44,44,44,44,44,44,44,44,44,44,44,44,44,44,44,44,44,44,44,44,44,44,44,44,44,44,44,44,44,44,44,44,44,44,44,44,44,44,44,44,44,44,44,44,44,44,44,44,44,44,44,45,45,45,45,45,45,45,45,45,45,45,45,45,45,45,45,45,45,45,45,45,45
0xC9,Tx BBF CP,44,44,44,44,44,44,44,44,44,44,44,44,44,44,44,44,44,44,44,44,44,44,44,44,44,44,44,44,44,44,44,44,44,44,44,44,44,44,44,44,44,44,44,44,44,44,44,44,44,44,44,44,44,44,44,44,44,44,44,44,44,44,44,44,44,44,44,44,44,44,44,44,44,44,44,44,44,44,44,44,44,44,44,44,44,44,44,44,44,44,44,44,44,44,44,44,44,44,44,44,44,45,45,45,45,45,45,45,45,45,45,45,45,45,45,45,45,45,45,45,45,45,45,45,45,45,45,45,45,45,45,45,45,45,45,45,45,45,45,45,45,45,45,45,45,45,45,45,45,45,45,45,45,45,45,45,45,45,45,45,45,45,45,45,45,45,45,45,45,45,45,45,45,45,45,45,45,45,45,45,45,45,45,45,45,45,45,45,45,45,45,45,45,45,45,45,45,45,45,45,45,45,45,45,45,45,45,45,45,45,45,45,45,45,45,45,45,45,45,45,45,45,45,45,45,45,45,45,45,45,45,45,45,45,45,45,45,45,45,45,45,45,45,45,45,45,45,45,45,45,45,45,45,45,45,45,45,45,45,45,45,45,45,45,45,45,45,45,45,45,45,45,45,45,45,45,45,45,45,45,45,45,45,45,45,45,45,45,45,45,45,45,45,45,45,45,45,45,45,45,45,45,45,44,44,44,44,44,44,44,44,44,44,44,44,44,44,44,44,44,44,44,44,44,44,44,44,44,44,44,44,44,44,44,44,44,44,44,44,44,44,44,44,44,44,44,44,44,44,44,44,44,44,44,44,44,44,44,44,44,44,44,44,44,44,44,44,44,44,44,44,44,44,44,44,44,44,44,44,44,44,44,44,44,44,44,44,44,44,44,44,44,44,44,44,44,44,44,44,44,44,44,44,44,44,44,44,44,44,44,44,44,44,44,44,44,44,44,44,44,44,44,44,44,44,44,44,44,44,44,44,44,44,44,44,44,44,44,44,44,44,44,44,44,44,44,44,44,44,44,44,44,44,44,44,44,44,44,44,44,44,44,44,44,44,44,44,44,44,44,44,44,44,44,44,44,44,44,44,44,44,44,44,44,44,44,44,44,44,44,44,44,44,44,44,44,44,44,44,44,44,44,44,44,44,44,44,44,44,44,44,44,44,44,44,44,44,44,44,44,44,44,44,44,44,44,44,44,44,44,44,44,44,44,44,44,44,44,44,44,44,44,44,44,44,44,44,44,44,44,44,44,44,44,44,44,44,44,44,44,44,44,44,44,44,44,44,44,44,44,44,44,44,44,44,44,44,44,44,44,44,44,44,44,44,44,44,44,44,44,44,44,44,44,44,44,44,44,44,44,44,44,44,44,44,44,45,45,45,45,45,45,45,45,45,45,45,45,45,45,45,45,45,45,45,45,45,45,45,45,45,45,45,45,45,45,45,45,45,45,45,45,45,45,45,45,45,45,45,45,45,45,45,45,45,45,45,45,45,45,45,45,45,45,45,45,45,45,45,45,45,45,45,45,45,45,45,45,45,45,45,45,45,45,45,45,45,45,45,45,45,45,45,45,45,45,45,45,45,45,45,45,45,45,45,45,45,44,44,44,44,44,44,44,44,44,44,44,44,44,44,44,44,44,44,44,44,44,44,44,44,44,44,44,44,44,44,44,44,44,44,44,44,44,44,44,44,44,44,44,44,44,44,44,44,44,44,44,44,44,44,44,44,44,44,44,44,44,44,44,44,44,44,44,44,44,44,44,44,44,44,44,44,44,44,44,44,44,44,44,44,44,44,44,44,44,44,44,44,44,44,44,44,44,44,44,44,44,44,44,44,44,44,44,44,44,44,44,44,44,44,44,44,44,44,44,44,44,44,44,44,44,44,44,44,44,44,44,44,44,44,44,44,44,44,44,44,44,44,44,44,44,44,44,44,44,44,44,44,44,44,44,44,44,44,44,44,44,44,44,44,44,44,44,44,44,44,44,44,44,44,44,44,44,44,44,44,44,44,44,44,44,44,44,44,44,44,44,44,44,44,44,44,44,44,44,44,44,44,45,45,45,45,45,45,45,45,45,45,45,45,45,45,45,45,45,45,45,45,45,45
0x277,Force VCO Tune 0,120,113,107,101,95,89,84,78,73,68,64,58,54,50,45,41,38,34,30,27,23,20,17,14,160,148,137,125,115,105,96,86,77,69,59,51,42,35,27,20,13,6,254,248,242,235,229,225,219,213,208,202,197,192,186,181,176,171,167,163,158,154,150,146,142,138,135,131,127,124,120,117,113,110,107,104,101,98,95,92,89,86,84,81,78,76,73,71,68,66,64,60,58,56,54,52,50,48,45,43,41,40,38,36,34,32,30,28,27,25,23,22,20,18,17,15,14,12,160,154,148,143,137,132,125,120,115,110,105,100,96,91,86,82,77,73,69,64,59,55,51,46,42,39,35,31,27,24,20,16,13,9,6,2,254,251,248,245,242,238,235,232,229,227,225,222,219,216,213,211,208,205,202,200,197,194,192,188,186,184,181,179,176,174,171,169,167,165,163,161,158,156,154,152,150,148,146,144,142,140,138,136,135,133,131,129,127,125,124,122,120,118,117,115,113,112,110,108,107,105,104,102,101,99,98,96,95,93,92,90,89,88,86,85,84,82,81,80,78,77,76,74,73,72,71,69,68,67,66,65,64,62,60,59,58,57,56,55,54,53,52,51,50,49,48,46,45,44,43,42,41,40,39,39,38,37,36,35,34,33,32,31,30,29,28,27,27,26,25,24,23,22,21,21,20,19,18,17,17,16,15,14,14,13,12,11,160,157,154,151,148,146,143,140,137,135,132,130,125,122,120,117,115,112,110,107,105,103,100,98,96,93,91,89,86,84,82,80,77,75,73,71,69,67,64,61,59,57,55,53,51,49,46,44,42,41,39,37,35,33,31,29,27,26,24,22,20,18,16,14,13,11,9,8,6,4,3,1,254,253,251,250,248,246,245,243,242,240,238,237,235,234,232,231,229,228,227,226,225,223,222,220,219,217,216,215,213,212,211,209,208,206,205,204,202,201,200,198,197,196,194,193,192,189,188,187,186,185,183,182,181,180,179,177,176,175,174,172,171,170,169,168,167,166,165,164,163,162,161,160,158,157,156,155,154,153,152,151,150,149,148,147,146,145,144,143,142,141,140,139,138,137,136,136,135,134,133,132,131,130,129,128,127,126,125,124,124,123,122,121,120,119,118,117,117,116,115,114,113,113,112,111,110,109,108,107,107,106,105,104,104,103,102,101,101,100,99,98,98,97,96,96,95,94,93,93,92,91,91,90,89,88,88,87,86,86,85,84,84,83,82,82,81,80,80,79,78,78,77,76,76,75,74,74,73,73,72,71,71,70,69,69,68,68,67,66,66,65,65,64,64,62,61,61,60,60,59,59,58,58,57,57,56,55,55,54,54,53,53,52,52,51,51,50,50,49,49,48,48,47,46,46,45,45,44,44,43,43,42,42,41,41,40,40,39,39,39,38,38,37,37,36,36,35,35,34,34,33,33,33,32,32,31,31,30,30,29,29,28,28,27,27,27,26,26,25,25,25,24,24,23,23,22,22,22,21,21,20,20,20,19,19,18,18,17,17,17,16,16,16,15,15,14,14,14,13,13,13,12,12,11,161,159,158,157,155,154,152,151,150,148,147,146,144,143,141,140,139,137,136,135,134,132,131,130,128,125,124,122,121,120,118,117,116,115,114,112,111,110,108,107,106,105,104,103,101,100,99,98,97,96,94,93,92,91,90,89,88,86,85,84,83,82,81,80,78,77,76,75,74,73,72,71,70,69,68,67,66,65,62,61,60,59,58,57,56,55,54,53,52,51,50,49,48,46,45,44,43,42,42,41,40,39,38,37,36,35,34,33,32,31,30,29,28,27,26,26,25,24,23,22,21,20,19,18,17,17,16,14,14,13,12,11,10,9,8,8,7,6,5,4,3,3,2,1,0,254,254,253,252,251,250,250,249,248,247,246,246,245,244,243,243,242,241,240,240,238,238,237,236,235,235,234,233,232,232,231,230,229,229,228,227,227,227,226,225,225,224,223,222,222,221,220,220,219,218,217,217,216,215,215,214,213,213,212,211,211,210,209,209,208,207,206,206,205,204,204,203,202,202,201,200,200,199,198,198,197,197,196,195,194,194,193,193,192,190,189,189,188,188,187,186,186,185,185,184,184,183,182,182,181
0x279,ALC/Varacto,129,129,129,129,129,129,129,129,129,129,129,129,129,129,129,129,129,129,129,129,129,129,129,129,130,130,130,130,130,130,130,130,130,130,130,130,130,130,130,130,129,130,130,130,130,130,130,129,129,129,129,129,129,129,129,129,129,129,129,129,129,129,129,129,129,129,129,129,129,129,129,129,129,129,129,129,129,129,129,129,129,129,129,129,129,129,129,129,129,129,129,129,129,129,129,129,129,129,129,129,129,129,129,129,129,129,129,129,129,129,129,129,129,129,129,129,129,129,130,130,130,130,130,130,130,130,130,130,130,130,130,130,130,130,130,130,130,130,130,130,130,130,130,130,130,130,130,130,130,129,129,130,130,130,130,130,130,130,130,130,130,130,130,130,129,129,129,129,129,129,129,129,129,129,129,129,129,129,129,129,129,129,129,129,129,129,129,129,129,129,129,129,129,129,129,129,129,129,129,129,129,129,129,129,129,129,129,129,129,129,129,129,129,129,129,129,129,129,129,129,129,129,129,129,129,129,129,129,129,129,129,129,129,129,129,129,129,129,129,129,129,129,129,129,129,129,129,129,129,129,129,129,129,129,129,129,129,129,129,129,129,129,129,129,129,129,129,129,129,129,129,129,129,129,129,129,129,129,129,129,129,129,129,129,129,129,129,129,129,129,129,129,129,129,129,129,129,129,129,129,129,129,129,129,129,129,130,130,130,130,130,130,130,130,130,130,130,130,130,130,130,130,130,130,130,130,130,130,130,130,130,130,130,130,130,130,130,130,130,130,130,130,130,130,130,130,130,130,130,130,130,130,130,130,130,130,130,130,130,130,130,130,130,130,130,130,130,129,129,129,129,129,130,130,130,130,130,130,130,130,130,130,130,130,130,130,130,130,130,130,130,130,130,130,130,130,130,129,129,129,129,129,129,129,129,129,129,129,129,129,129,129,129,129,129,129,129,129,129,129,129,129,129,129,129,129,129,129,129,129,129,129,129,129,129,129,129,129,129,129,129,129,129,129,129,129,129,129,129,129,129,129,129,129,129,129,129,129,129,129,129,129,129,129,129,129,129,129,129,129,129,129,129,129,129,129,129,129,129,129,129,129,129,129,129,129,129,129,129,129,129,129,129,129,129,129,129,129,129,129,129,129,129,129,129,129,129,129,129,129,129,129,129,129,129,129,129,129,129,129,129,129,129,129,129,129,129,129,129,129,129,129,129,129,129,129,129,129,129,129,129,129,129,129,129,129,129,129,129,129,129,129,129,129,129,129,129,129,129,129,129,129,129,129,129,129,129,129,129,129,129,129,129,129,129,129,129,129,129,129,129,129,129,129,129,129,129,129,129,129,129,129,129,129,129,129,129,129,129,129,129,129,129,129,129,129,129,129,129,129,129,129,129,129,129,129,129,129,129,129,129,129,129,129,129,129,129,129,129,129,129,129,129,129,129,129,129,129,129,129,129,129,129,129,129,129,129,129,129,129,129,129,129,129,129,129,129,129,129,129,129,129,129,129,129,129,129,129,129,129,129,129,129,129,129,129,129,129,129,129,129,130,130,130,130,130,130,130,130,130,130,130,130,130,130,130,130,130,130,130,130,130,130,130,130,130,130,130,130,130,130,130,130,130,130,130,130,130,130,130,130,130,130,130,130,130,130,130,130,130,130,130,130,130,130,130,130,130,130,130,130,130,130,130,130,130,130,130,130,130,130,130,130,130,130,130,130,130,130,130,130,130,130,130,130,130,130,130,130,130,130,130,130,130,130,130,130,130,130,130,130,130,130,130,130,130,130,130,130,130,130,130,130,130,130,130,130,130,130,130,130,130,130,130,129,129,129,129,129,129,129,129,129,130,130,130,130,130,130,130,130,130,130,130,130,130,130,130,130,130,130,130,130,130,130,130,130,130,130,130,130,130,130,130,130,130,130,130,130,130,130,130,130,130,130,130,130,130,130,130,130,130,130,129,129,129,129,129,129,129,129,129,129,129,129,129,129,129,129,129,129,129,129,129,129,129,129,129,129,129,129,129,129,129,129,129,129,129,129,129,129,129,129,129,129,129,129,129,129,129,129,129,129,129,129,129,129,129,129,129,129,129,129,129,129,129,129,129,129,129,129
0x27B,CP Current,142,142,141,141,140,140,140,139,139,139,139,138,138,138,137,137,137,137,137,136,136,136,136,136,144,144,143,143,144,143,143,143,144,143,143,144,143,143,143,143,148,143,143,142,142,142,142,145,145,145,144,144,144,144,144,144,144,144,144,144,143,143,143,143,142,142,142,142,141,141,142,142,142,141,141,141,141,141,140,140,140,140,140,140,139,139,139,139,139,139,139,138,138,138,138,138,138,138,137,137,137,137,137,137,137,137,137,136,136,136,136,136,136,136,136,136,136,135,144,144,144,144,143,143,143,144,144,144,143,143,143,143,143,144,144,143,143,143,143,143,144,144,143,143,143,143,143,143,143,148,148,143,143,143,143,143,142,142,142,142,142,142,142,142,145,145,145,145,145,144,144,144,144,144,144,144,144,144,144,144,144,144,144,144,144,144,144,144,144,143,143,143,143,143,143,143,143,142,142,142,142,142,142,142,142,141,141,141,141,141,142,142,142,142,142,141,141,141,141,141,141,141,141,141,141,141,140,140,140,140,140,140,140,140,140,140,140,140,139,139,139,139,139,139,139,139,139,139,139,139,139,138,138,138,138,138,138,138,138,138,138,138,138,138,138,138,137,137,137,137,137,137,137,137,137,137,137,137,137,137,137,137,137,136,136,136,136,136,136,136,136,136,136,136,136,136,136,136,136,136,136,136,136,135,135,135,144,144,144,144,144,144,144,143,143,143,143,143,143,144,144,144,144,144,144,144,143,143,143,143,143,143,143,143,143,143,144,144,144,143,143,143,143,143,143,143,143,143,143,143,144,144,144,144,143,143,143,143,143,143,143,143,143,143,143,143,143,148,148,148,148,148,143,143,143,143,143,143,143,143,143,142,142,142,142,142,142,142,142,142,142,142,142,142,142,142,142,145,145,145,145,145,145,145,145,145,145,145,144,144,144,144,144,144,144,144,144,144,144,144,144,144,144,144,144,144,144,144,144,144,144,144,144,144,144,144,144,144,144,144,144,144,144,144,144,144,144,143,143,143,143,143,143,143,143,143,143,143,143,143,143,143,143,142,142,142,142,142,142,142,142,142,142,142,142,142,142,142,142,142,141,141,141,141,141,141,141,141,141,141,142,142,142,142,142,142,142,142,142,141,141,141,141,141,141,141,141,141,141,141,141,141,141,141,141,141,141,141,141,141,141,140,140,140,140,140,140,140,140,140,140,140,140,140,140,140,140,140,140,140,140,140,140,140,140,139,139,139,139,139,139,139,139,139,139,139,139,139,139,139,139,139,139,139,139,139,139,139,139,139,139,139,138,138,138,138,138,138,138,138,138,138,138,138,138,138,138,138,138,138,138,138,138,138,138,138,138,138,138,138,138,138,137,137,137,137,137,137,137,137,137,137,137,137,137,137,137,137,137,137,137,137,137,137,137,137,137,137,137,137,137,137,137,137,137,137,136,136,136,136,136,136,136,136,136,136,136,136,136,136,136,136,136,136,136,136,136,136,136,136,136,136,136,136,136,136,136,136,136,136,136,136,136,136,136,135,135,135,135,135,135,144,144,144,144,144,144,144,144,144,144,144,144,144,144,144,143,143,143,143,143,143,143,143,143,143,143,143,144,144,144,144,144,144,144,144,144,144,144,144,144,143,143,143,143,143,143,143,143,143,143,143,143,143,143,143,143,143,143,143,143,144,144,144,144,144,144,144,143,143,143,143,143,143,143,143,143,143,143,143,143,143,143,143,143,143,143,143,143,143,144,144,144,144,144,144,144,144,143,143,143,143,143,143,143,143,143,143,143,143,143,143,143,143,143,143,143,143,143,143,143,143,143,143,148,148,148,148,148,148,148,148,148,143,143,143,143,143,143,143,143,143,143,143,143,143,143,143,143,143,143,143,142,142,142,142,142,142,142,142,142,142,142,142,142,142,142,142,142,142,142,142,142,142,142,142,142,142,142,142,142,142,142,145,145,145,145,145,145,145,145,145,145,145,145,145,145,145,145,145,145,145,145,145,145,144,144,144,144,144,144,144,144,144,144,144,144,144,144,144,144,144,144,144,144,144,144,144,144,144,144,144,144,144,144,144,144,144,144,144,144,144,144,144,144,144,144,144,144,144,144
0x27E,Loop Filter 1,246,246,246,246,246,246,246,246,246,246,246,246,246,246,246,246,246,246,246,246,246,246,246,246,246,246,246,246,246,246,246,246,246,246,246,246,246,246,246,246,246,246,247,246,246,246,246,246,246,246,246,246,246,246,246,246,246,246,246,246,246,246,246,246,246,246,246,246,246,246,246,246,246,246,246,246,246,246,246,246,246,246,246,246,246,246,246,246,246,246,246,246,246,246,246,246,246,246,246,246,246,246,246,246,246,246,246,246,246,246,246,246,246,246,246,246,246,246,246,246,246,246,246,246,246,246,246,246,246,246,246,246,246,246,246,246,246,246,246,246,246,246,246,246,246,246,246,246,246,246,246,246,246,247,247,247,246,246,246,246,246,246,246,246,246,246,246,246,246,246,246,246,246,246,246,246,246,246,246,246,246,246,246,246,246,246,246,246,246,246,246,246,246,246,246,246,246,246,246,246,246,246,246,246,246,246,246,246,246,246,246,246,246,246,246,246,246,246,246,246,246,246,246,246,246,246,246,246,246,246,246,246,246,246,246,246,246,246,246,246,246,246,246,246,246,246,246,246,246,246,246,246,246,246,246,246,246,246,246,246,246,246,246,246,246,246,246,246,246,246,246,246,246,246,246,246,246,246,246,246,246,246,246,246,246,246,246,246,246,246,246,246,246,246,246,246,246,246,246,246,246,246,246,246,246,246,246,246,246,246,246,246,246,246,246,246,246,246,246,246,246,246,246,246,246,246,246,246,246,246,246,246,246,246,246,246,246,246,246,246,246,246,246,246,246,246,246,246,246,246,246,246,246,246,246,246,246,246,246,246,246,246,246,246,246,246,246,246,246,246,246,246,246,246,246,246,247,247,247,247,247,246,246,246,246,246,246,246,246,246,246,246,246,246,246,246,246,246,246,246,246,246,246,246,246,246,246,246,246,246,246,246,246,246,246,246,246,246,246,246,246,246,246,246,246,246,246,246,246,246,246,246,246,246,246,246,246,246,246,246,246,246,246,246,246,246,246,246,246,246,246,246,246,246,246,246,246,246,246,246,246,246,246,246,246,246,246,246,246,246,246,246,246,246,246,246,246,246,246,246,246,246,246,246,246,246,246,246,246,246,246,246,246,246,246,246,246,246,246,246,246,246,246,246,246,246,246,246,246,246,246,246,246,246,246,246,246,246,246,246,246,246,246,246,246,246,246,246,246,246,246,246,246,246,246,246,246,246,246,246,246,246,246,246,246,246,246,246,246,246,246,246,246,246,246,246,246,246,246,246,246,246,246,246,246,246,246,246,246,246,246,246,246,246,246,246,246,246,246,246,246,246,246,246,246,246,246,246,246,246,246,246,246,246,246,246,246,246,246,246,246,246,246,246,246,246,246,246,246,246,246,246,246,246,246,246,246,246,246,246,246,246,246,246,246,246,246,246,246,246,246,246,246,246,246,246,246,246,246,246,246,246,246,246,246,246,246,246,246,246,246,246,246,246,246,246,246,246,246,246,246,246,246,246,246,246,246,246,246,246,246,246,246,246,246,246,246,246,246,246,246,246,246,246,246,246,246,246,246,246,246,246,246,246,246,246,246,246,246,246,246,246,246,246,246,246,246,246,246,246,246,246,246,246,246,246,246,246,246,246,246,246,246,246,246,246,246,246,246,246,246,246,246,246,246,246,246,246,246,246,246,246,246,246,246,246,246,246,246,246,246,246,246,246,246,246,246,246,246,246,246,246,246,246,246,246,246,246,246,246,246,246,246,246,246,246,246,246,246,246,246,246,246,246,246,246,246,246,246,246,246,246,246,246,246,246,246,246,246,246,246,246,246,246,246,246,246,246,246,246,246,246,246,246,246,246,246,246,246,246,246,246,247,247,247,247,247,247,247,247,247,247,246,246,246,246,246,246,246,246,246,246,246,246,246,246,246,246,246,246,246,246,246,246,246,246,246,246,246,246,246,246,246,246,246,246,246,246,246,246,246,246,246,246,246,246,246,246,246,246,246,246,246,246,246,246,246,246,246,246,246,246,246,246,246,246,246,246,246,246,246,246,246,246,246,246,246,246,246,246,246,246,246,246,246,246,246,246,246,246,246,246,246,246,246,246,246,246,246,246,246
0x27F,Loop Filter 2,229,229,229,229,229,229,229,229,229,229,229,229,229,229,229,229,229,229,229,229,229,229,229,229,229,229,229,229,229,229,229,229,229,229,229,229,229,229,229,229,229,229,229,229,229,229,229,229,229,229,229,229,229,229,229,229,229,229,229,229,229,229,229,229,229,229,229,229,229,229,229,229,229,229,229,229,229,229,229,229,229,229,229,229,229,229,229,229,229,229,229,229,229,229,229,229,229,229,229,229,229,229,229,229,229,229,229,229,229,229,229,229,229,229,229,229,229,229,229,229,229,229,229,229,229,229,229,229,229,229,229,229,229,229,229,229,229,229,229,229,229,229,229,229,229,229,229,229,229,229,229,229,229,229,229,229,229,229,229,229,229,229,229,229,229,229,229,229,229,229,229,229,229,229,229,229,229,229,229,229,229,229,229,229,229,229,229,229,229,229,229,229,229,229,229,229,229,229,229,229,229,229,229,229,229,229,229,229,229,229,229,229,229,229,229,229,229,229,229,229,229,229,229,229,229,229,229,229,229,229,229,229,229,229,229,229,229,229,229,229,229,229,229,229,229,229,229,229,229,229,229,229,229,229,229,229,229,229,229,229,229,229,229,229,229,229,229,229,229,229,229,229,229,229,229,229,229,229,229,229,229,229,229,229,229,229,229,229,229,229,229,229,229,229,229,229,229,229,229,229,229,229,229,229,229,229,229,229,229,229,229,229,229,229,229,229,229,229,229,229,229,229,229,229,229,229,229,229,229,229,229,229,229,229,229,229,229,229,229,229,229,229,229,229,229,229,229,229,229,229,229,229,229,229,229,229,229,229,229,229,229,229,229,229,229,229,229,229,229,229,229,229,229,229,229,229,229,229,229,229,229,229,229,229,229,229,229,229,229,229,229,229,229,229,229,229,229,229,229,229,229,229,229,229,229,229,229,229,229,229,229,229,229,229,229,229,229,229,229,229,229,229,229,229,229,229,229,229,229,229,229,229,229,229,229,229,229,229,229,229,229,229,229,229,229,229,229,229,229,229,229,229,229,229,229,229,229,229,229,229,229,229,229,229,229,229,229,229,229,229,229,229,229,229,229,229,229,229,229,229,229,229,229,229,229,229,229,229,229,229,229,229,229,229,229,229,229,229,229,229,229,229,229,229,229,229,229,229,229,229,229,229,229,229,229,229,229,229,229,229,229,229,229,229,229,229,229,229,229,229,229,229,229,229,229,229,229,229,229,229,229,229,229,229,229,229,229,229,229,229,229,229,229,229,229,229,229,229,229,229,229,229,229,229,229,229,229,229,229,229,229,229,229,229,229,229,229,229,229,229,229,229,229,229,229,229,229,229,229,229,229,229,229,229,229,229,229,229,229,229,229,229,229,229,229,229,229,229,229,229,229,229,229,229,229,229,229,229,229,229,229,229,229,229,229,229,229,229,229,229,229,229,229,229,229,229,229,229,229,229,229,229,229,229,229,229,229,229,229,229,229,229,229,229,229,229,229,229,229,229,229,229,229,229,229,229,229,229,229,229,229,229,229,229,229,229,229,229,229,229,229,229,229,229,229,229,229,229,229,229,229,229,229,229,229,229,229,229,229,229,229,229,229,229,229,229,229,229,229,229,229,229,229,229,229,229,229,229,229,229,229,229,229,229,229,229,229,229,229,229,229,229,229,229,229,229,229,229,229,229,229,229,229,229,229,229,229,229,229,229,229,229,229,229,229,229,229,229,229,229,229,229,229,229,229,229,229,229,229,229,229,229,229,229,229,229,229,229,229,229,229,229,229,229,229,229,229,229,229,229,229,229,229,229,229,229,229,229,229,229,229,229,229,229,229,229,229,229,229,229,229,229,229,229,229,229,229,229,229,229,229,229,229,229,229,229,229,229,229,229,229,229,229,229,229,229,229,229,229,229,229,229,229,229,229,229,229,229,229,229,229,229,229,229,229,229,229,229,229,229,229,229,229,229,229,229,229,229,229,229,229,229,229,229,229,229,229,229,229,229,229,229,229,229,229,229,229,229,229,229,229,229,229,229,229,229,229,229,229,229,229,229,229,229,229,229,229,229,229,229,229,229,229,229,229,229,229,229,229,229,229,229,229,229,229,229,229,229,229,229,229
0x280,Loop Filter 3,15,15,15,15,15,15,15,15,15,15,15,15,15,15,15,15,15,15,15,15,15,15,15,15,15,15,15,15,15,15,15,15,15,15,15,15,15,15,15,15,15,15,15,15,15,15,15,15,15,15,15,15,15,15,15,15,15,15,15,15,15,15,15,15,15,15,15,15,15,15,15,15,15,15,15,15,15,15,15,15,15,15,15,15,15,15,15,15,15,15,15,15,15,15,15,15,15,15,15,15,15,15,15,15,15,15,15,15,15,15,15,15,15,15,15,15,15,15,15,15,15,15,15,15,15,15,15,15,15,15,15,15,15,15,15,15,15,15,15,15,15,15,15,15,15,15,15,15,15,15,15,15,15,15,15,15,15,15,15,15,15,15,15,15,15,15,15,15,15,15,15,15,15,15,15,15,15,15,15,15,15,15,15,15,15,15,15,15,15,15,15,15,15,15,15,15,15,15,15,15,15,15,15,15,15,15,15,15,15,15,15,15,15,15,15,15,15,15,15,15,15,15,15,15,15,15,15,15,15,15,15,15,15,15,15,15,15,15,15,15,15,15,15,15,15,15,15,15,15,15,15,15,15,15,15,15,15,15,15,15,15,15,15,15,15,15,15,15,15,15,15,15,15,15,15,15,15,15,15,15,15,15,15,15,15,15,15,15,15,15,15,15,15,15,15,15,15,15,15,15,15,15,15,15,15,15,15,15,15,15,15,15,15,15,15,15,15,15,15,15,15,15,15,15,15,15,15,15,15,15,15,15,15,15,15,15,15,15,15,15,15,15,15,15,15,15,15,15,15,15,15,15,15,15,15,15,15,15,15,15,15,15,15,15,15,15,15,15,15,15,15,15,15,15,15,15,15,15,15,15,15,15,15,15,15,15,15,15,15,15,15,15,15,15,15,15,15,15,15,15,15,15,15,15,15,15,15,15,15,15,15,15,15,15,15,15,15,15,15,15,15,15,15,15,15,15,15,15,15,15,15,15,15,15,15,15,15,15,15,15,15,15,15,15,15,15,15,15,15,15,15,15,15,15,15,15,15,15,15,15,15,15,15,15,15,15,15,15,15,15,15,15,15,15,15,15,15,15,15,15,15,15,15,15,15,15,15,15,15,15,15,15,15,15,15,15,15,15,15,15,15,15,15,15,15,15,15,15,15,15,15,15,15,15,15,15,15,15,15,15,15,15,15,15,15,15,15,15,15,15,15,15,15,15,15,15,15,15,15,15,15,15,15,15,15,15,15,15,15,15,15,15,15,15,15,15,15,15,15,15,15,15,15,15,15,15,15,15,15,15,15,15,15,15,15,15,15,15,15,15,15,15,15,15,15,15,15,15,15,15,15,15,15,15,15,15,15,15,15,15,15,15,15,15,15,15,15,15,15,15,15,15,15,15,15,15,15,15,15,15,15,15,15,15,15,15,15,15,15,15,15,15,15,15,15,15,15,15,15,15,15,15,15,15,15,15,15,15,15,15,15,15,15,15,15,15,15,15,15,15,15,15,15,15,15,15,15,15,15,15,15,15,15,15,15,15,15,15,15,15,15,15,15,15,15,15,15,15,15,15,15,15,15,15,15,15,15,15,15,15,15,15,15,15,15,15,15,15,15,15,15,15,15,15,15,15,15,15,15,15,15,15,15,15,15,15,15,15,15,15,15,15,15,15,15,15,15,15,15,15,15,15,15,15,15,15,15,15,15,15,15,15,15,15,15,15,15,15,15,15,15,15,15,15,15,15,15,15,15,15,15,15,15,15,15,15,15,15,15,15,15,15,15,15,15,15,15,15,15,15,15,15,15,15,15,15,15,15,15,15,15,15,15,15,15,15,15,15,15,15,15,15,15,15,15,15,15,15,15,15,15,15,15,15,15,15,15,15,15,15,15,15,15,15,15,15,15,15,15,15,15,15,15,15,15,15,15,15,15,15,15,15,15,15,15,15,15,15,15,15,15,15,15,15,15,15,15,15,15,15,15,15,15,15,15,15,15,15,15,15,15,15,15,15,15,15,15,15,15,15,15,15,15,15,15,15,15,15,15,15,15,15,15,15,15,15,15,15,15,15,15,15,15,15,15,15,15,15,15,15,15,15,15,15,15,15,15,15,15,15,15
0x282,VCO Bias 1,22,22,22,22,22,22,22,22,22,22,22,22,22,22,20,20,20,20,20,20,20,20,20,20,31,31,31,31,31,31,31,31,23,23,23,23,23,23,31,31,31,31,31,31,31,31,31,23,23,23,23,31,31,23,23,23,23,23,23,23,23,23,23,23,23,23,23,23,23,23,22,22,22,22,22,22,22,22,22,22,22,22,22,22,22,22,22,22,22,22,22,22,22,22,22,22,22,22,20,20,20,20,20,20,20,20,20,20,20,20,20,20,20,20,20,20,20,20,31,31,31,31,31,31,31,31,31,31,31,31,31,31,31,23,23,23,23,23,23,31,23,23,23,23,23,31,31,31,31,31,31,31,31,31,31,31,31,31,31,31,31,31,31,31,23,23,23,23,23,23,23,23,31,31,31,23,23,23,23,23,23,23,23,23,23,23,23,23,23,23,23,23,23,23,23,23,23,23,23,23,23,23,23,23,23,23,23,23,23,23,22,22,22,22,22,22,22,22,22,22,22,22,22,22,22,22,22,22,22,22,22,22,22,22,22,22,22,22,22,22,22,22,22,22,22,22,22,22,22,22,22,22,22,22,22,22,22,22,22,22,22,22,22,22,22,22,20,20,20,20,20,20,20,20,20,20,20,20,20,20,20,20,20,20,20,20,20,20,20,20,20,20,20,20,20,20,20,20,20,20,20,20,20,20,20,20,31,31,31,31,31,31,31,31,31,31,31,31,31,31,31,31,31,31,31,31,31,31,31,31,31,31,31,31,31,31,23,23,23,23,23,23,23,23,23,23,23,31,31,31,23,23,23,23,23,23,23,23,23,31,31,31,31,31,31,31,31,31,31,31,31,31,31,31,31,31,31,31,31,31,31,31,31,31,31,31,31,31,31,31,31,31,31,31,31,31,31,23,23,23,23,23,23,23,23,23,23,23,23,23,23,23,23,23,31,31,31,31,31,31,23,23,23,23,23,23,23,23,23,23,23,23,23,23,23,23,23,23,23,23,23,23,23,23,23,23,23,23,23,23,23,23,23,23,23,23,23,23,23,23,23,23,23,23,23,23,23,23,23,23,23,23,23,23,23,23,23,23,23,23,23,23,23,23,23,23,23,23,23,23,22,22,22,22,22,22,22,22,22,22,22,22,22,22,22,22,22,22,22,22,22,22,22,22,22,22,22,22,22,22,22,22,22,22,22,22,22,22,22,22,22,22,22,22,22,22,22,22,22,22,22,22,22,22,22,22,22,22,22,22,22,22,22,22,22,22,22,22,22,22,22,22,22,22,22,22,22,22,22,22,22,22,22,22,22,22,22,22,22,22,22,22,22,22,22,22,22,22,22,22,22,22,22,22,22,22,22,22,22,22,22,22,20,20,20,20,20,20,20,20,20,20,20,20,20,20,20,20,20,20,20,20,20,20,20,20,20,20,20,20,20,20,20,20,20,20,20,20,20,20,20,20,20,20,20,20,20,20,20,20,20,20,20,20,20,20,20,20,20,20,20,20,20,20,20,20,20,20,20,20,20,20,20,20,20,20,20,20,20,20,20,31,31,31,31,31,31,31,31,31,31,31,31,31,31,31,31,31,31,31,31,31,31,31,31,31,31,31,31,31,31,31,31,31,31,31,31,31,31,31,31,31,31,31,31,31,31,31,31,31,31,31,31,31,31,31,31,31,31,31,31,23,23,23,23,23,23,23,23,23,23,23,23,23,23,23,23,23,23,23,23,23,23,31,31,31,31,31,31,31,23,23,23,23,23,23,23,23,23,23,23,23,23,23,23,23,23,31,31,31,31,31,31,31,31,31,31,31,31,31,31,31,31,31,31,31,31,31,31,31,31,31,31,31,31,31,31,31,31,31,31,31,31,31,31,31,31,31,31,31,31,31,31,31,31,31,31,31,31,31,31,31,31,31,31,31,31,31,31,31,31,31,31,31,31,31,31,31,31,31,31,31,31,23,23,23,23,23,23,23,23,23,23,23,23,23,23,23,23,23,23,23,23,23,23,23,23,23,23,23,23,23,23,23,23,23,23,31,31,31,31,31,31,31,31,31,31,31,31,23,23,23,23,23,23,23,23,23,23,23,23,23,23,23,23,23,23,23,23,23,23
0x278,Force VCO Tune 1,96,96,96,96,96,96,104,112,112,120,120,120,120,120,120,120,120,120,120,120,120,120,120,120,121,121,121,121,121,121,121,113,105,105,105,105,105,105,113,113,97,113,112,112,112,112,112,96,96,96,96,104,104,96,96,96,104,104,96,96,96,96,96,96,96,96,96,96,96,96,96,96,96,96,96,96,96,96,96,96,96,104,104,104,112,112,112,120,120,120,120,120,120,120,120,120,120,120,120,120,120,120,120,120,120,120,120,120,120,120,120,120,120,120,120,120,120,120,121,121,121,121,121,121,121,121,121,121,121,121,121,113,113,105,105,105,105,105,105,113,105,105,105,105,105,113,113,113,113,97,97,113,113,113,112,112,112,112,112,112,112,112,112,112,96,96,96,96,96,96,96,96,104,104,104,96,96,96,96,96,96,96,104,104,104,96,96,96,96,96,96,96,96,96,96,96,96,96,96,96,96,96,96,96,96,96,96,96,96,96,96,96,96,96,96,96,96,96,96,96,96,96,96,96,96,96,96,96,96,96,96,104,104,104,104,104,104,104,112,112,112,112,112,112,120,120,120,120,120,120,120,120,120,120,120,120,120,120,120,120,120,120,120,120,120,120,120,120,120,120,120,120,120,120,120,120,120,120,120,120,120,120,120,120,120,120,120,120,120,120,120,120,120,120,120,120,120,120,120,120,120,120,120,120,120,120,121,121,121,121,121,121,121,121,121,121,121,121,121,121,121,121,121,121,121,121,121,121,121,121,121,121,113,113,113,113,105,105,105,105,105,105,105,105,105,105,105,113,113,113,105,105,105,105,105,105,105,105,105,113,113,113,113,113,113,113,113,97,97,97,97,97,113,113,113,113,113,113,112,112,112,112,112,112,112,112,112,112,112,112,112,112,112,112,112,112,112,96,96,96,96,96,96,96,96,96,96,96,96,96,96,96,96,96,104,104,104,104,104,104,96,96,96,96,96,96,96,96,96,96,96,96,96,104,104,104,104,104,104,104,96,96,96,96,96,96,96,96,96,96,96,96,96,96,96,96,96,96,96,96,96,96,96,96,96,96,96,96,96,96,96,96,96,96,96,96,96,96,96,96,96,96,96,96,96,96,96,96,96,96,96,96,96,96,96,96,96,96,96,96,96,96,96,96,96,96,96,96,96,96,96,96,96,96,96,96,96,96,96,96,96,96,96,96,96,96,96,96,96,96,96,96,104,104,104,104,104,104,104,104,104,104,104,104,104,112,112,112,112,112,112,112,112,112,112,112,112,112,120,120,120,120,120,120,120,120,120,120,120,120,120,120,120,120,120,120,120,120,120,120,120,120,120,120,120,120,120,120,120,120,120,120,120,120,120,120,120,120,120,120,120,120,120,120,120,120,120,120,120,120,120,120,120,120,120,120,120,120,120,120,120,120,120,120,120,120,120,120,120,120,120,120,120,120,120,120,120,120,120,120,120,120,120,120,120,120,120,120,120,120,120,120,120,120,120,120,120,120,120,120,120,120,120,120,120,120,120,120,120,120,120,120,120,120,120,120,120,120,120,120,120,121,121,121,121,121,121,121,121,121,121,121,121,121,121,121,121,121,121,121,121,121,121,121,121,121,121,121,121,121,121,121,121,121,121,121,121,121,121,121,121,121,121,121,121,121,121,121,121,121,121,121,121,121,113,113,113,113,113,113,113,105,105,105,105,105,105,105,105,105,105,105,105,105,105,105,105,105,105,105,105,105,105,113,113,113,113,113,113,113,105,105,105,105,105,105,105,105,105,105,105,105,105,105,105,105,105,113,113,113,113,113,113,113,113,113,113,113,113,113,113,113,113,113,97,97,97,97,97,97,97,97,97,113,113,113,113,113,113,113,113,113,113,113,113,113,112,112,112,112,112,112,112,112,112,112,112,112,112,112,112,112,112,112,112,112,112,112,112,112,112,112,112,112,112,112,112,112,112,112,112,112,112,96,96,96,96,96,96,96,96,96,96,96,96,96,96,96,96,96,96,96,96,96,96,96,96,96,96,96,96,96,96,96,96,96,96,104,104,104,104,104,104,104,104,104,104,104,104,96,96,96,96,96,96,96,96,96,96,96,96,96,96,96,96,96,96,96,96,96,96
0x291,VCO Varactor Control 1,12,12,12,12,12,12,12,12,12,12,12,12,12,12,12,12,12,12,12,12,12,12,12,12,13,13,13,13,13,13,13,13,13,13,13,13,13,13,13,13,14,13,13,13,13,13,13,12,12,12,12,12,12,12,12,12,12,12,12,12,12,12,12,12,12,12,12,12,12,12,12,12,12,12,12,12,12,12,12,12,12,12,12,12,12,12,12,12,12,12,12,12,12,12,12,12,12,12,12,12,12,12,12,12,12,12,12,12,12,12,12,12,12,12,12,12,12,12,13,13,13,13,13,13,13,13,13,13,13,13,13,13,13,13,13,13,13,13,13,13,13,13,13,13,13,13,13,13,13,14,14,13,13,13,13,13,13,13,13,13,13,13,13,13,12,12,12,12,12,12,12,12,12,12,12,12,12,12,12,12,12,12,12,12,12,12,12,12,12,12,12,12,12,12,12,12,12,12,12,12,12,12,12,12,12,12,12,12,12,12,12,12,12,12,12,12,12,12,12,12,12,12,12,12,12,12,12,12,12,12,12,12,12,12,12,12,12,12,12,12,12,12,12,12,12,12,12,12,12,12,12,12,12,12,12,12,12,12,12,12,12,12,12,12,12,12,12,12,12,12,12,12,12,12,12,12,12,12,12,12,12,12,12,12,12,12,12,12,12,12,12,12,12,12,12,12,12,12,12,12,12,12,12,12,12,12,13,13,13,13,13,13,13,13,13,13,13,13,13,13,13,13,13,13,13,13,13,13,13,13,13,13,13,13,13,13,13,13,13,13,13,13,13,13,13,13,13,13,13,13,13,13,13,13,13,13,13,13,13,13,13,13,13,13,13,13,13,14,14,14,14,14,13,13,13,13,13,13,13,13,13,13,13,13,13,13,13,13,13,13,13,13,13,13,13,13,13,12,12,12,12,12,12,12,12,12,12,12,12,12,12,12,12,12,12,12,12,12,12,12,12,12,12,12,12,12,12,12,12,12,12,12,12,12,12,12,12,12,12,12,12,12,12,12,12,12,12,12,12,12,12,12,12,12,12,12,12,12,12,12,12,12,12,12,12,12,12,12,12,12,12,12,12,12,12,12,12,12,12,12,12,12,12,12,12,12,12,12,12,12,12,12,12,12,12,12,12,12,12,12,12,12,12,12,12,12,12,12,12,12,12,12,12,12,12,12,12,12,12,12,12,12,12,12,12,12,12,12,12,12,12,12,12,12,12,12,12,12,12,12,12,12,12,12,12,12,12,12,12,12,12,12,12,12,12,12,12,12,12,12,12,12,12,12,12,12,12,12,12,12,12,12,12,12,12,12,12,12,12,12,12,12,12,12,12,12,12,12,12,12,12,12,12,12,12,12,12,12,12,12,12,12,12,12,12,12,12,12,12,12,12,12,12,12,12,12,12,12,12,12,12,12,12,12,12,12,12,12,12,12,12,12,12,12,12,12,12,12,12,12,12,12,12,12,12,12,12,12,12,12,12,12,12,12,12,12,12,12,12,12,12,12,12,12,12,12,12,12,12,12,12,12,12,12,12,12,12,12,12,12,12,13,13,13,13,13,13,13,13,13,13,13,13,13,13,13,13,13,13,13,13,13,13,13,13,13,13,13,13,13,13,13,13,13,13,13,13,13,13,13,13,13,13,13,13,13,13,13,13,13,13,13,13,13,13,13,13,13,13,13,13,13,13,13,13,13,13,13,13,13,13,13,13,13,13,13,13,13,13,13,13,13,13,13,13,13,13,13,13,13,13,13,13,13,13,13,13,13,13,13,13,13,13,13,13,13,13,13,13,13,13,13,13,13,13,13,13,13,13,13,13,13,13,13,14,14,14,14,14,14,14,14,14,13,13,13,13,13,13,13,13,13,13,13,13,13,13,13,13,13,13,13,13,13,13,13,13,13,13,13,13,13,13,13,13,13,13,13,13,13,13,13,13,13,13,13,13,13,13,13,13,13,13,12,12,12,12,12,12,12,12,12,12,12,12,12,12,12,12,12,12,12,12,12,12,12,12,12,12,12,12,12,12,12,12,12,12,12,12,12,12,12,12,12,12,12,12,12,12,12,12,12,12,12,12,12,12,12,12,12,12,12,12,12,12,12,12,12,12,12,12
0x276,Force ALC,102,100,98,95,91,89,87,85,84,81,79,79,77,75,103,101,99,96,91,89,86,85,83,81,82,80,79,80,86,85,84,82,89,88,89,95,94,93,90,89,95,95,95,94,93,92,91,91,89,88,87,86,84,91,91,90,96,97,94,93,90,90,88,87,87,87,86,85,85,85,101,100,99,99,98,98,95,94,91,89,89,87,86,85,85,84,84,83,81,80,80,79,79,78,78,76,75,74,104,102,102,101,99,98,97,95,91,90,90,88,87,86,85,83,83,82,81,79,81,81,80,80,79,79,80,87,86,86,85,84,84,83,82,89,89,89,89,88,89,88,96,95,94,94,94,91,90,90,89,96,96,95,95,93,95,95,94,93,93,93,92,92,90,91,92,89,89,89,88,87,87,87,85,85,84,92,91,92,91,91,90,90,96,97,96,95,95,95,94,94,91,90,90,89,89,88,88,87,88,86,87,87,86,85,84,84,85,84,84,83,102,101,100,100,99,99,99,98,98,98,97,96,95,95,95,94,91,90,90,89,89,88,87,87,86,86,86,85,86,84,85,84,84,83,82,82,81,81,80,80,79,81,79,80,79,79,78,77,77,77,76,76,75,75,74,75,104,104,103,103,102,101,100,99,100,98,98,98,96,96,95,92,91,91,90,90,89,88,87,88,86,86,85,86,85,84,83,83,83,82,82,81,82,80,80,79,82,81,80,80,80,80,80,80,79,79,79,78,80,87,87,86,86,86,86,85,84,85,85,85,84,83,83,83,82,82,90,89,89,89,88,88,88,89,88,89,89,88,87,87,95,95,95,95,94,94,94,94,93,92,91,90,90,90,91,89,90,95,96,95,95,95,96,95,95,95,94,94,94,94,94,95,93,93,93,93,93,92,92,92,93,92,93,91,90,91,91,92,91,89,89,89,89,88,87,88,88,87,88,87,87,87,87,86,86,85,85,85,85,84,92,92,92,93,92,91,92,92,91,90,90,90,90,97,97,96,96,96,96,96,95,96,94,95,95,94,94,94,93,92,90,90,90,90,90,89,90,89,88,88,88,88,87,88,87,87,87,87,86,86,86,86,86,86,85,85,86,84,85,84,84,84,85,84,84,84,84,84,83,84,102,101,100,100,100,100,100,99,99,99,98,99,99,99,98,98,98,98,97,97,97,96,96,95,95,95,95,95,94,94,94,94,90,90,90,90,90,89,90,89,89,89,88,88,88,87,87,87,86,87,86,86,86,85,86,85,85,85,85,84,84,84,84,84,83,84,83,82,82,81,81,81,81,81,81,81,81,80,80,80,80,81,81,80,79,80,80,79,79,79,79,79,78,77,77,77,77,76,77,76,76,76,76,76,75,75,75,75,74,75,75,75,104,104,104,103,103,103,102,102,102,101,101,101,100,100,100,99,99,99,99,99,98,97,97,97,97,96,96,96,96,95,92,92,91,91,91,91,89,90,89,89,89,89,89,88,88,88,88,87,86,87,86,86,86,85,86,85,84,84,85,84,84,83,83,83,83,82,82,82,82,82,81,81,81,80,81,81,80,80,79,83,81,82,82,81,81,81,80,81,80,81,80,80,80,79,79,79,79,80,80,79,78,79,79,79,80,80,88,86,86,87,87,86,86,86,85,85,85,85,85,86,85,86,85,86,85,84,85,84,84,83,83,83,83,82,83,83,83,82,82,90,89,89,89,89,89,90,89,90,89,89,89,89,89,88,88,88,88,89,89,89,89,88,88,88,88,87,87,87,95,95,96,94,95,95,95,94,95,94,94,95,94,94,93,93,94,93,92,92,90,91,90,91,90,90,90,90,90,89,89,89,89,90,96,96,96,96,96,95,96,96,95,95,95,95,94,95,95,94,94,95,94,94,93,94,94,95,94,94,95,94,95,94,94,93,93,93,93,94,93,93,93,92,93,92,93,92,92,92,92,92,92,92,92,92,91,92,92,91,90,91,91,92,92,92,92,91,89,89,89,89,89,88,89,88,88,88,88,88,88,88,88,88,87,87,88,87,87,87,87,87,86,87,87,86,87,85,85,85,85,85,85,84,85,85,84,84,85,91,91,91,91,92,92,92,91,92,91,92,92,91,91,91,92,91,91,91,90,90,90
0x271,Integer Byte 0,192,198,204,211,217,224,230,236,243,249,0,6,12,19,25,32,38,44,51,57,64,70,76,83,44,48,51,54,57,60,64,67,70,73,76,80,83,86,89,92,96,99,102,105,108,112,115,118,121,124,128,131,134,137,140,144,147,150,153,156,160,163,166,169,172,176,179,182,185,188,192,195,198,201,204,208,211,214,217,220,224,227,230,233,236,240,243,246,249,252,0,3,6,9,12,16,19,22,25,28,32,35,38,41,44,48,51,54,57,60,64,67,70,73,76,80,83,86,44,46,48,49,51,52,54,56,57,59,60,62,64,65,67,68,70,72,73,75,76,78,80,81,83,84,86,88,89,91,92,94,96,97,99,100,102,104,105,107,108,110,112,113,115,116,118,120,121,123,124,126,128,129,131,132,134,136,137,139,140,142,144,145,147,148,150,152,153,155,156,158,160,161,163,164,166,168,169,171,172,174,176,177,179,180,182,184,185,187,188,190,192,193,195,196,198,200,201,203,204,206,208,209,211,212,214,216,217,219,220,222,224,225,227,228,230,232,233,235,236,238,240,241,243,244,246,248,249,251,252,254,0,1,3,4,6,8,9,11,12,14,16,17,19,20,22,24,25,27,28,30,32,33,35,36,38,40,41,43,44,46,48,49,51,52,54,56,57,59,60,62,64,65,67,68,70,72,73,75,76,78,80,81,83,84,86,88,44,45,46,47,48,48,49,50,51,52,52,53,54,55,56,56,57,58,59,60,60,61,62,63,64,64,65,66,67,68,68,69,70,71,72,72,73,74,75,76,76,77,78,79,80,80,81,82,83,84,84,85,86,87,88,88,89,90,91,92,92,93,94,95,96,96,97,98,99,100,100,101,102,103,104,104,105,106,107,108,108,109,110,111,112,112,113,114,115,116,116,117,118,119,120,120,121,122,123,124,124,125,126,127,128,128,129,130,131,132,132,133,134,135,136,136,137,138,139,140,140,141,142,143,144,144,145,146,147,148,148,149,150,151,152,152,153,154,155,156,156,157,158,159,160,160,161,162,163,164,164,165,166,167,168,168,169,170,171,172,172,173,174,175,176,176,177,178,179,180,180,181,182,183,184,184,185,186,187,188,188,189,190,191,192,192,193,194,195,196,196,197,198,199,200,200,201,202,203,204,204,205,206,207,208,208,209,210,211,212,212,213,214,215,216,216,217,218,219,220,220,221,222,223,224,224,225,226,227,228,228,229,230,231,232,232,233,234,235,236,236,237,238,239,240,240,241,242,243,244,244,245,246,247,248,248,249,250,251,252,252,253,254,255,0,0,1,2,3,4,4,5,6,7,8,8,9,10,11,12,12,13,14,15,16,16,17,18,19,20,20,21,22,23,24,24,25,26,27,28,28,29,30,31,32,32,33,34,35,36,36,37,38,39,40,40,41,42,43,44,44,45,46,47,48,48,49,50,51,52,52,53,54,55,56,56,57,58,59,60,60,61,62,63,64,64,65,66,67,68,68,69,70,71,72,72,73,74,75,76,76,77,78,79,80,80,81,82,83,84,84,85,86,87,88,44,44,45,45,46,46,46,47,47,48,48,48,49,49,50,50,50,51,51,52,52,52,53,53,54,54,54,55,55,56,56,56,57,57,58,58,58,59,59,60,60,60,61,61,62,62,62,63,63,64,64,64,65,65,66,66,66,67,67,68,68,68,69,69,70,70,70,71,71,72,72,72,73,73,74,74,74,75,75,76,76,76,77,77,78,78,78,79,79,80,80,80,81,81,82,82,82,83,83,84,84,84,85,85,86,86,86,87,87,88,88,88,89,89,90,90,90,91,91,92,92,92,93,93,94,94,94,95,95,96,96,96,97,97,98,98,98,99,99,100,100,100,101,101,102,102,102,103,103,104,104,104,105,105,106,106,106,107,107,108,108,108,109,109,110,110,110,111,111,112,112,112,113,113,114,114,114,115,115,116,116,116,117,117,118,118,118,119,119,120,120,120,121,121,122,122,122,123,123,124,124,124,125,125,126,126,126,127,127,128,128,128,129,129,130,130,130,131,131,132,132,132,133,133,134,134,134,135,135,136,136,136,137,137,138,138,138,139,139,140,140,140,141,141,142,142,142,143,143,144
0x272,Integer Byte 1,1,1,1,1,1,1,1,1,1,1,2,2,2,2,2,2,2,2,2,2,2,2,2,2,1,1,1,1,1,1,1,1,1,1,1,1,1,1,1,1,1,1,1,1,1,1,1,1,1,1,1,1,1,1,1,1,1,1,1,1,1,1,1,1,1,1,1,1,1,1,1,1,1,1,1,1,1,1,1,1,1,1,1,1,1,1,1,1,1,1,2,2,2,2,2,2,2,2,2,2,2,2,2,2,2,2,2,2,2,2,2,2,2,2,2,2,2,2,1,1,1,1,1,1,1,1,1,1,1,1,1,1,1,1,1,1,1,1,1,1,1,1,1,1,1,1,1,1,1,1,1,1,1,1,1,1,1,1,1,1,1,1,1,1,1,1,1,1,1,1,1,1,1,1,1,1,1,1,1,1,1,1,1,1,1,1,1,1,1,1,1,1,1,1,1,1,1,1,1,1,1,1,1,1,1,1,1,1,1,1,1,1,1,1,1,1,1,1,1,1,1,1,1,1,1,1,1,1,1,1,1,1,1,1,1,1,1,1,1,1,1,1,1,1,1,1,1,1,1,1,2,2,2,2,2,2,2,2,2,2,2,2,2,2,2,2,2,2,2,2,2,2,2,2,2,2,2,2,2,2,2,2,2,2,2,2,2,2,2,2,2,2,2,2,2,2,2,2,2,2,2,2,2,2,2,2,1,1,1,1,1,1,1,1,1,1,1,1,1,1,1,1,1,1,1,1,1,1,1,1,1,1,1,1,1,1,1,1,1,1,1,1,1,1,1,1,1,1,1,1,1,1,1,1,1,1,1,1,1,1,1,1,1,1,1,1,1,1,1,1,1,1,1,1,1,1,1,1,1,1,1,1,1,1,1,1,1,1,1,1,1,1,1,1,1,1,1,1,1,1,1,1,1,1,1,1,1,1,1,1,1,1,1,1,1,1,1,1,1,1,1,1,1,1,1,1,1,1,1,1,1,1,1,1,1,1,1,1,1,1,1,1,1,1,1,1,1,1,1,1,1,1,1,1,1,1,1,1,1,1,1,1,1,1,1,1,1,1,1,1,1,1,1,1,1,1,1,1,1,1,1,1,1,1,1,1,1,1,1,1,1,1,1,1,1,1,1,1,1,1,1,1,1,1,1,1,1,1,1,1,1,1,1,1,1,1,1,1,1,1,1,1,1,1,1,1,1,1,1,1,1,1,1,1,1,1,1,1,1,1,1,1,1,1,1,1,1,1,1,1,1,1,1,1,1,1,1,1,1,1,1,1,1,1,1,1,1,1,1,1,2,2,2,2,2,2,2,2,2,2,2,2,2,2,2,2,2,2,2,2,2,2,2,2,2,2,2,2,2,2,2,2,2,2,2,2,2,2,2,2,2,2,2,2,2,2,2,2,2,2,2,2,2,2,2,2,2,2,2,2,2,2,2,2,2,2,2,2,2,2,2,2,2,2,2,2,2,2,2,2,2,2,2,2,2,2,2,2,2,2,2,2,2,2,2,2,2,2,2,2,2,2,2,2,2,2,2,2,2,2,2,1,1,1,1,1,1,1,1,1,1,1,1,1,1,1,1,1,1,1,1,1,1,1,1,1,1,1,1,1,1,1,1,1,1,1,1,1,1,1,1,1,1,1,1,1,1,1,1,1,1,1,1,1,1,1,1,1,1,1,1,1,1,1,1,1,1,1,1,1,1,1,1,1,1,1,1,1,1,1,1,1,1,1,1,1,1,1,1,1,1,1,1,1,1,1,1,1,1,1,1,1,1,1,1,1,1,1,1,1,1,1,1,1,1,1,1,1,1,1,1,1,1,1,1,1,1,1,1,1,1,1,1,1,1,1,1,1,1,1,1,1,1,1,1,1,1,1,1,1,1,1,1,1,1,1,1,1,1,1,1,1,1,1,1,1,1,1,1,1,1,1,1,1,1,1,1,1,1,1,1,1,1,1,1,1,1,1,1,1,1,1,1,1,1,1,1,1,1,1,1,1,1,1,1,1,1,1,1,1,1,1,1,1,1,1,1,1,1,1,1,1,1,1,1,1,1,1,1,1,1,1,1,1,1,1,1,1,1,1,1,1,1,1,1,1,1,1,1,1,1
0x273,Fractional Byte 0,0,45,90,151,196,0,45,90,151,196,0,45,90,151,196,0,45,90,151,196,0,45,90,151,90,0,151,45,196,90,0,151,45,196,90,0,151,45,196,90,0,151,45,196,90,0,151,45,196,90,0,151,45,196,90,0,151,45,196,90,0,151,45,196,90,0,151,45,196,90,0,151,45,196,90,0,151,45,196,90,0,151,45,196,90,0,151,45,196,90,0,151,45,196,90,0,151,45,196,90,0,151,45,196,90,0,151,45,196,90,0,151,45,196,90,0,151,45,90,45,0,196,151,90,45,0,196,151,90,45,0,196,151,90,45,0,196,151,90,45,0,196,151,90,45,0,196,151,90,45,0,196,151,90,45,0,196,151,90,45,0,196,151,90,45,0,196,151,90,45,0,196,151,90,45,0,196,151,90,45,0,196,151,90,45,0,196,151,90,45,0,196,151,90,45,0,196,151,90,45,0,196,151,90,45,0,196,151,90,45,0,196,151,90,45,0,196,151,90,45,0,196,151,90,45,0,196,151,90,45,0,196,151,90,45,0,196,151,90,45,0,196,151,90,45,0,196,151,90,45,0,196,151,90,45,0,196,151,90,45,0,196,151,90,45,0,196,151,90,45,0,196,151,90,45,0,196,151,90,45,0,196,151,90,45,0,196,151,90,45,0,196,151,90,45,0,196,151,90,45,0,196,151,90,45,0,90,196,45,151,0,90,196,45,151,0,90,196,45,151,0,90,196,45,151,0,90,196,45,151,0,90,196,45,151,0,90,196,45,151,0,90,196,45,151,0,90,196,45,151,0,90,196,45,151,0,90,196,45,151,0,90,196,45,151,0,90,196,45,151,0,90,196,45,151,0,90,196,45,151,0,90,196,45,151,0,90,196,45,151,0,90,196,45,151,0,90,196,45,151,0,90,196,45,151,0,90,196,45,151,0,90,196,45,151,0,90,196,45,151,0,90,196,45,151,0,90,196,45,151,0,90,196,45,151,0,90,196,45,151,0,90,196,45,151,0,90,196,45,151,0,90,196,45,151,0,90,196,45,151,0,90,196,45,151,0,90,196,45,151,0,90,196,45,151,0,90,196,45,151,0,90,196,45,151,0,90,196,45,151,0,90,196,45,151,0,90,196,45,151,0,90,196,45,151,0,90,196,45,151,0,90,196,45,151,0,90,196,45,151,0,90,196,45,151,0,90,196,45,151,0,90,196,45,151,0,90,196,45,151,0,90,196,45,151,0,90,196,45,151,0,90,196,45,151,0,90,196,45,151,0,90,196,45,151,0,90,196,45,151,0,90,196,45,151,0,90,196,45,151,0,90,196,45,151,0,90,196,45,151,0,90,196,45,151,0,90,196,45,151,0,90,196,45,151,0,90,196,45,151,0,90,196,45,151,0,90,196,45,151,0,90,196,45,151,0,90,196,45,151,0,90,196,45,151,0,90,196,45,151,0,90,196,45,151,0,90,196,45,151,0,90,196,45,151,0,90,196,45,151,0,90,196,45,151,0,90,196,45,151,0,90,196,45,151,0,90,196,45,151,0,45,90,151,196,0,45,90,151,196,0,45,90,151,196,0,45,90,151,196,0,45,90,151,196,0,45,90,151,196,0,45,90,151,196,0,45,90,151,196,0,45,90,151,196,0,45,90,151,196,0,45,90,151,196,0,45,90,151,196,0,45,90,151,196,0,45,90,151,196,0,45,90,151,196,0,45,90,151,196,0,45,90,151,196,0,45,90,151,196,0,45,90,151,196,0,45,90,151,196,0,45,90,151,196,0,45,90,151,196,0,45,90,151,196,0,45,90,151,196,0,45,90,151,196,0,45,90,151,196,0,45,90,151,196,0,45,90,151,196,0,45,90,151,196,0,45,90,151,196,0,45,90,151,196,0,45,90,151,196,0,45,90,151,196,0,45,90,151,196,0,45,90,151,196,0,45,90,151,196,0,45,90,151,196,0,45,90,151,196,0,45,90,151,196,0,45,90,151,196,0,45,90,151,196,0,45,90,151,196,0,45,90,151,196,0,45,90,151,196,0,45,90,151,196,0,45,90,151,196,0,45,90,151,196,0,45,90,151,196,0,45,90,151,196,0,45,90,151,196,0
0x274,Fractional Byte 1,0,51,102,153,204,0,51,102,153,204,0,51,102,153,204,0,51,102,153,204,0,51,102,153,102,0,153,51,204,102,0,153,51,204,102,0,153,51,204,102,0,153,51,204,102,0,153,51,204,102,0,153,51,204,102,0,153,51,204,102,0,153,51,204,102,0,153,51,204,102,0,153,51,204,102,0,153,51,204,102,0,153,51,204,102,0,153,51,204,102,0,153,51,204,102,0,153,51,204,102,0,153,51,204,102,0,153,51,204,102,0,153,51,204,102,0,153,51,102,51,0,204,153,102,51,0,204,153,102,51,0,204,153,102,51,0,204,153,102,51,0,204,153,102,51,0,204,153,102,51,0,204,153,102,51,0,204,153,102,51,0,204,153,102,51,0,204,153,102,51,0,204,153,102,51,0,204,153,102,51,0,204,153,102,51,0,204,153,102,51,0,204,153,102,51,0,204,153,102,51,0,204,153,102,51,0,204,153,102,51,0,204,153,102,51,0,204,153,102,51,0,204,153,102,51,0,204,153,102,51,0,204,153,102,51,0,204,153,102,51,0,204,153,102,51,0,204,153,102,51,0,204,153,102,51,0,204,153,102,51,0,204,153,102,51,0,204,153,102,51,0,204,153,102,51,0,204,153,102,51,0,204,153,102,51,0,204,153,102,51,0,204,153,102,51,0,204,153,102,51,0,204,153,102,51,0,102,204,51,153,0,102,204,51,153,0,102,204,51,153,0,102,204,51,153,0,102,204,51,153,0,102,204,51,153,0,102,204,51,153,0,102,204,51,153,0,102,204,51,153,0,102,204,51,153,0,102,204,51,153,0,102,204,51,153,0,102,204,51,153,0,102,204,51,153,0,102,204,51,153,0,102,204,51,153,0,102,204,51,153,0,102,204,51,153,0,102,204,51,153,0,102,204,51,153,0,102,204,51,153,0,102,204,51,153,0,102,204,51,153,0,102,204,51,153,0,102,204,51,153,0,102,204,51,153,0,102,204,51,153,0,102,204,51,153,0,102,204,51,153,0,102,204,51,153,0,102,204,51,153,0,102,204,51,153,0,102,204,51,153,0,102,204,51,153,0,102,204,51,153,0,102,204,51,153,0,102,204,51,153,0,102,204,51,153,0,102,204,51,153,0,102,204,51,153,0,102,204,51,153,0,102,204,51,153,0,102,204,51,153,0,102,204,51,153,0,102,204,51,153,0,102,204,51,153,0,102,204,51,153,0,102,204,51,153,0,102,204,51,153,0,102,204,51,153,0,102,204,51,153,0,102,204,51,153,0,102,204,51,153,0,102,204,51,153,0,102,204,51,153,0,102,204,51,153,0,102,204,51,153,0,102,204,51,153,0,102,204,51,153,0,102,204,51,153,0,102,204,51,153,0,102,204,51,153,0,102,204,51,153,0,102,204,51,153,0,102,204,51,153,0,102,204,51,153,0,102,204,51,153,0,102,204,51,153,0,102,204,51,153,0,102,204,51,153,0,102,204,51,153,0,102,204,51,153,0,102,204,51,153,0,102,204,51,153,0,102,204,51,153,0,51,102,153,204,0,51,102,153,204,0,51,102,153,204,0,51,102,153,204,0,51,102,153,204,0,51,102,153,204,0,51,102,153,204,0,51,102,153,204,0,51,102,153,204,0,51,102,153,204,0,51,102,153,204,0,51,102,153,204,0,51,102,153,204,0,51,102,153,204,0,51,102,153,204,0,51,102,153,204,0,51,102,153,204,0,51,102,153,204,0,51,102,153,204,0,51,102,153,204,0,51,102,153,204,0,51,102,153,204,0,51,102,153,204,0,51,102,153,204,0,51,102,153,204,0,51,102,153,204,0,51,102,153,204,0,51,102,153,204,0,51,102,153,204,0,51,102,153,204,0,51,102,153,204,0,51,102,153,204,0,51,102,153,204,0,51,102,153,204,0,51,102,153,204,0,51,102,153,204,0,51,102,153,204,0,51,102,153,204,0,51,102,153,204,0,51,102,153,204,0,51,102,153,204,0,51,102,153,204,0,51,102,153,204,0,51,102,153,204,0,51,102,153,204,0,51,102,153,204,0,51,102,153,204,0,51,102,153,204,0,51,102,153,204,0,51,102,153,204,0
0x275,Fractional Byte 2,0,51,102,25,76,0,51,102,25,76,0,51,102,25,76,0,51,102,25,76,0,51,102,25,102,0,25,51,76,102,0,25,51,76,102,0,25,51,76,102,0,25,51,76,102,0,25,51,76,102,0,25,51,76,102,0,25,51,76,102,0,25,51,76,102,0,25,51,76,102,0,25,51,76,102,0,25,51,76,102,0,25,51,76,102,0,25,51,76,102,0,25,51,76,102,0,25,51,76,102,0,25,51,76,102,0,25,51,76,102,0,25,51,76,102,0,25,51,102,51,0,76,25,102,51,0,76,25,102,51,0,76,25,102,51,0,76,25,102,51,0,76,25,102,51,0,76,25,102,51,0,76,25,102,51,0,76,25,102,51,0,76,25,102,51,0,76,25,102,51,0,76,25,102,51,0,76,25,102,51,0,76,25,102,51,0,76,25,102,51,0,76,25,102,51,0,76,25,102,51,0,76,25,102,51,0,76,25,102,51,0,76,25,102,51,0,76,25,102,51,0,76,25,102,51,0,76,25,102,51,0,76,25,102,51,0,76,25,102,51,0,76,25,102,51,0,76,25,102,51,0,76,25,102,51,0,76,25,102,51,0,76,25,102,51,0,76,25,102,51,0,76,25,102,51,0,76,25,102,51,0,76,25,102,51,0,76,25,102,51,0,76,25,102,51,0,76,25,102,51,0,76,25,102,51,0,102,76,51,25,0,102,76,51,25,0,102,76,51,25,0,102,76,51,25,0,102,76,51,25,0,102,76,51,25,0,102,76,51,25,0,102,76,51,25,0,102,76,51,25,0,102,76,51,25,0,102,76,51,25,0,102,76,51,25,0,102,76,51,25,0,102,76,51,25,0,102,76,51,25,0,102,76,51,25,0,102,76,51,25,0,102,76,51,25,0,102,76,51,25,0,102,76,51,25,0,102,76,51,25,0,102,76,51,25,0,102,76,51,25,0,102,76,51,25,0,102,76,51,25,0,102,76,51,25,0,102,76,51,25,0,102,76,51,25,0,102,76,51,25,0,102,76,51,25,0,102,76,51,25,0,102,76,51,25,0,102,76,51,25,0,102,76,51,25,0,102,76,51,25,0,102,76,51,25,0,102,76,51,25,0,102,76,51,25,0,102,76,51,25,0,102,76,51,25,0,102,76,51,25,0,102,76,51,25,0,102,76,51,25,0,102,76,51,25,0,102,76,51,25,0,102,76,51,25,0,102,76,51,25,0,102,76,51,25,0,102,76,51,25,0,102,76,51,25,0,102,76,51,25,0,102,76,51,25,0,102,76,51,25,0,102,76,51,25,0,102,76,51,25,0,102,76,51,25,0,102,76,51,25,0,102,76,51,25,0,102,76,51,25,0,102,76,51,25,0,102,76,51,25,0,102,76,51,25,0,102,76,51,25,0,102,76,51,25,0,102,76,51,25,0,102,76,51,25,0,102,76,51,25,0,102,76,51,25,0,102,76,51,25,0,102,76,51,25,0,102,76,51,25,0,102,76,51,25,0,102,76,51,25,0,102,76,51,25,0,102,76,51,25,0,51,102,25,76,0,51,102,25,76,0,51,102,25,76,0,51,102,25,76,0,51,102,25,76,0,51,102,25,76,0,51,102,25,76,0,51,102,25,76,0,51,102,25,76,0,51,102,25,76,0,51,102,25,76,0,51,102,25,76,0,51,102,25,76,0,51,102,25,76,0,51,102,25,76,0,51,102,25,76,0,51,102,25,76,0,51,102,25,76,0,51,102,25,76,0,51,102,25,76,0,51,102,25,76,0,51,102,25,76,0,51,102,25,76,0,51,102,25,76,0,51,102,25,76,0,51,102,25,76,0,51,102,25,76,0,51,102,25,76,0,51,102,25,76,0,51,102,25,76,0,51,102,25,76,0,51,102,25,76,0,51,102,25,76,0,51,102,25,76,0,51,102,25,76,0,51,102,25,76,0,51,102,25,76,0,51,102,25,76,0,51,102,25,76,0,51,102,25,76,0,51,102,25,76,0,51,102,25,76,0,51,102,25,76,0,51,102,25,76,0,51,102,25,76,0,51,102,25,76,0,51,102,25,76,0,51,102,25,76,0,51,102,25,76,0,51,102,25,76,0
0x290,TX VCO Varactor Control 0,112,112,112,112,112,112,112,112,112,112,112,112,112,112,112,112,112,112,112,112,112,112,112,112,112,112,112,112,112,112,112,112,112,112,112,112,112,112,112,112,112,112,112,112,112,112,112,112,112,112,112,112,112,112,112,112,112,112,112,112,112,112,112,112,112,112,112,112,112,112,112,112,112,112,112,112,112,112,112,112,112,112,112,112,112,112,112,112,112,112,112,112,112,112,112,112,112,112,112,112,112,112,112,112,112,112,112,112,112,112,112,112,112,112,112,112,112,112,112,112,112,112,112,112,112,112,112,112,112,112,112,112,112,112,112,112,112,112,112,112,112,112,112,112,112,112,112,112,112,112,112,112,112,112,112,112,112,112,112,112,112,112,112,112,112,112,112,112,112,112,112,112,112,112,112,112,112,112,112,112,112,112,112,112,112,112,112,112,112,112,112,112,112,112,112,112,112,112,112,112,112,112,112,112,112,112,112,112,112,112,112,112,112,112,112,112,112,112,112,112,112,112,112,112,112,112,112,112,112,112,112,112,112,112,112,112,112,112,112,112,112,112,112,112,112,112,112,112,112,112,112,112,112,112,112,112,112,112,112,112,112,112,112,112,112,112,112,112,112,112,112,112,112,112,112,112,112,112,112,112,112,112,112,112,112,112,112,112,112,112,112,112,112,112,112,112,112,112,112,112,112,112,112,112,112,112,112,112,112,112,112,112,112,112,112,112,112,112,112,112,112,112,112,112,112,112,112,112,112,112,112,112,112,112,112,112,112,112,112,112,112,112,112,112,112,112,112,112,112,112,112,112,112,112,112,112,112,112,112,112,112,112,112,112,112,112,112,112,112,112,112,112,112,112,112,112,112,112,112,112,112,112,112,112,112,112,112,112,112,112,112,112,112,112,112,112,112,112,112,112,112,112,112,112,112,112,112,112,112,112,112,112,112,112,112,112,112,112,112,112,112,112,112,112,112,112,112,112,112,112,112,112,112,112,112,112,112,112,112,112,112,112,112,112,112,112,112,112,112,112,112,112,112,112,112,112,112,112,112,112,112,112,112,112,112,112,112,112,112,112,112,112,112,112,112,112,112,112,112,112,112,112,112,112,112,112,112,112,112,112,112,112,112,112,112,112,112,112,112,112,112,112,112,112,112,112,112,112,112,112,112,112,112,112,112,112,112,112,112,112,112,112,112,112,112,112,112,112,112,112,112,112,112,112,112,112,112,112,112,112,112,112,112,112,112,112,112,112,112,112,112,112,112,112,112,112,112,112,112,112,112,112,112,112,112,112,112,112,112,112,112,112,112,112,112,112,112,112,112,112,112,112,112,112,112,112,112,112,112,112,112,112,112,112,112,112,112,112,112,112,112,112,112,112,112,112,112,112,112,112,112,112,112,112,112,112,112,112,112,112,112,112,112,112,112,112,112,112,112,112,112,112,112,112,112,112,112,112,112,112,112,112,112,112,112,112,112,112,112,112,112,112,112,112,112,112,112,112,112,112,112,112,112,112,112,112,112,112,112,112,112,112,112,112,112,112,112,112,112,112,112,112,112,112,112,112,112,112,112,112,112,112,112,112,112,112,112,112,112,112,112,112,112,112,112,112,112,112,112,112,112,112,112,112,112,112,112,112,112,112,112,112,112,112,112,112,112,112,112,112,112,112,112,112,112,112,112,112,112,112,112,112,112,112,112,112,112,112,112,112,112,112,112,112,112,112,112,112,112,112,112,112,112,112,112,112,112,112,112,112,112,112,112,112,112,112,112,112,112,112,112,112,112,112,112,112,112,112,112,112,112,112,112,112,112,112,112,112,112,112,112,112,112,112,112,112,112,112,112,112,112,112,112,112,112,112,112,112,112,112,112,112,112,112,112,112,112,112,112,112,112,112,112,112,112,112,112,112,112,112,112,112,112,112,112,112,112,112,112,112,112,112,112,112,112,112,112,112,112,112,112,112,112,112,112,112,112,112,112,112,112,112,112,112,112,112,112,112,112,112,112,112,112,112,112,112,112,112,112,112,112,112,112,112,112,112,112,112,112,112,112,112,112,112,112,112,112,112,112,112,112,112,112,112,112,112,112,112,112,112,112,112,112,112,112,112,112,112,112,112,112
0x005,RFPLL Divider,96,96,96,96,96,96,96,96,96,96,96,96,96,96,96,96,96,96,96,96,96,96,96,96,80,80,80,80,80,80,80,80,80,80,80,80,80,80,80,80,80,80,80,80,80,80,80,80,80,80,80,80,80,80,80,80,80,80,80,80,80,80,80,80,80,80,80,80,80,80,80,80,80,80,80,80,80,80,80,80,80,80,80,80,80,80,80,80,80,80,80,80,80,80,80,80,80,80,80,80,80,80,80,80,80,80,80,80,80,80,80,80,80,80,80,80,80,80,64,64,64,64,64,64,64,64,64,64,64,64,64,64,64,64,64,64,64,64,64,64,64,64,64,64,64,64,64,64,64,64,64,64,64,64,64,64,64,64,64,64,64,64,64,64,64,64,64,64,64,64,64,64,64,64,64,64,64,64,64,64,64,64,64,64,64,64,64,64,64,64,64,64,64,64,64,64,64,64,64,64,64,64,64,64,64,64,64,64,64,64,64,64,64,64,64,64,64,64,64,64,64,64,64,64,64,64,64,64,64,64,64,64,64,64,64,64,64,64,64,64,64,64,64,64,64,64,64,64,64,64,64,64,64,64,64,64,64,64,64,64,64,64,64,64,64,64,64,64,64,64,64,64,64,64,64,64,64,64,64,64,64,64,64,64,64,64,64,64,64,64,64,64,64,64,64,64,64,64,64,64,64,64,64,64,64,64,48,48,48,48,48,48,48,48,48,48,48,48,48,48,48,48,48,48,48,48,48,48,48,48,48,48,48,48,48,48,48,48,48,48,48,48,48,48,48,48,48,48,48,48,48,48,48,48,48,48,48,48,48,48,48,48,48,48,48,48,48,48,48,48,48,48,48,48,48,48,48,48,48,48,48,48,48,48,48,48,48,48,48,48,48,48,48,48,48,48,48,48,48,48,48,48,48,48,48,48,48,48,48,48,48,48,48,48,48,48,48,48,48,48,48,48,48,48,48,48,48,48,48,48,48,48,48,48,48,48,48,48,48,48,48,48,48,48,48,48,48,48,48,48,48,48,48,48,48,48,48,48,48,48,48,48,48,48,48,48,48,48,48,48,48,48,48,48,48,48,48,48,48,48,48,48,48,48,48,48,48,48,48,48,48,48,48,48,48,48,48,48,48,48,48,48,48,48,48,48,48,48,48,48,48,48,48,48,48,48,48,48,48,48,48,48,48,48,48,48,48,48,48,48,48,48,48,48,48,48,48,48,48,48,48,48,48,48,48,48,48,48,48,48,48,48,48,48,48,48,48,48,48,48,48,48,48,48,48,48,48,48,48,48,48,48,48,48,48,48,48,48,48,48,48,48,48,48,48,48,48,48,48,48,48,48,48,48,48,48,48,48,48,48,48,48,48,48,48,48,48,48,48,48,48,48,48,48,48,48,48,48,48,48,48,48,48,48,48,48,48,48,48,48,48,48,48,48,48,48,48,48,48,48,48,48,48,48,48,48,48,48,48,48,48,48,48,48,48,48,48,48,48,48,48,48,48,48,48,48,48,48,48,48,48,48,48,48,48,48,48,48,48,48,48,32,32,32,32,32,32,32,32,32,32,32,32,32,32,32,32,32,32,32,32,32,32,32,32,32,32,32,32,32,32,32,32,32,32,32,32,32,32,32,32,32,32,32,32,32,32,32,32,32,32,32,32,32,32,32,32,32,32,32,32,32,32,32,32,32,32,32,32,32,32,32,32,32,32,32,32,32,32,32,32,32,32,32,32,32,32,32,32,32,32,32,32,32,32,32,32,32,32,32,32,32,32,32,32,32,32,32,32,32,32,32,32,32,32,32,32,32,32,32,32,32,32,32,32,32,32,32,32,32,32,32,32,32,32,32,32,32,32,32,32,32,32,32,32,32,32,32,32,32,32,32,32,32,32,32,32,32,32,32,32,32,32,32,32,32,32,32,32,32,32,32,32,32,32,32,32,32,32,32,32,32,32,32,32,32,32,32,32,32,32,32,32,32,32,32,32,32,32,32,32,32,32,32,32,32,32,32,32,32,32,32,32,32,32,32,32,32,32,32,32,32,32,32,32,32,32,32,32,32,32,32,32,32,32,32,32,32,32,32,32,32,32,32,32,32,32,32,32,32,32
